id_source,id_target,beeline_distance_m,hiking_distance_m,ascent_m,descent_m
1,11,6252,,,
1,14,5205,29209,2767,2661
1,19,3742,10094,748,997
1,44,2961,7106,548,917
1,47,18157,,,
1,69,6406,12509,703,1429
1,77,18573,,,
1,175,13273,69268,4669,4933
1,243,14149,22221,1652,2495
1,263,10855,39013,2061,2911
1,330,12272,32039,1731,2759
1,374,14949,72476,4725,4271
1,446,9629,16578,1497,1814
1,453,19437,48003,2899,3186
1,498,13362,26158,2679,2711
1,515,13117,27210,1759,2564
1,527,16981,89326,6589,6775
1,579,9084,41266,1590,3157
1,665,16569,55948,4677,4851
2,12,14257,,,
2,15,12478,,,
2,23,14836,59857,4164,4120
2,27,9178,25997,2585,2645
2,31,6491,16915,1662,1378
2,40,16311,34260,1863,2722
2,66,18816,54198,4505,4387
2,77,10465,,,
2,161,8702,,,
2,204,4818,16640,1706,1441
2,206,6951,11357,521,1300
2,213,11562,,,
2,243,17390,36481,2702,3064
2,312,12618,58104,4302,4090
2,338,4211,11496,315,1537
2,374,19657,112762,8224,7277
2,446,18885,42669,3374,3197
2,472,18805,81226,5456,5638
2,474,19605,100366,6332,6878
2,498,15995,53108,4727,4266
2,515,15054,54160,3990,4302
2,558,11390,,,
2,603,8856,,,
2,659,9235,15709,1324,985
2,663,3917,11407,260,1198
2,665,11630,23170,1924,1605
3,7,3892,6913,810,1043
3,18,4167,7662,999,750
3,38,5818,14568,1446,2020
3,386,15061,37209,2220,1960
3,487,19114,39527,2551,2287
4,25,4286,4909,384,409
4,50,18619,87634,4530,5244
4,157,17273,53457,3226,3191
4,182,14293,35116,2184,2558
4,290,18628,67218,4595,4057
4,444,9726,12739,518,582
4,550,16151,43378,2718,3152
4,664,9138,11517,249,853
5,39,13988,23916,1946,1764
5,45,16830,47393,3424,3099
5,250,18817,46297,3399,3728
5,274,17465,53596,4543,4346
5,376,15133,72384,4452,4603
5,388,17664,54353,3868,3319
5,470,18741,36966,1949,2144
5,531,12119,58994,4731,4920
5,653,12267,59424,4720,4850
6,9,14770,41528,3963,3800
6,35,10995,19233,1769,1359
6,51,10586,21929,1656,1832
6,278,16903,27994,2546,2503
6,308,15191,22278,1228,1359
6,334,13585,21531,1890,1573
6,348,17196,34038,3070,2048
6,378,13618,28680,3014,1801
6,381,14205,22179,1546,1345
6,420,17912,40570,4311,3831
6,436,17946,64150,6091,5473
6,445,19510,57165,5448,5285
6,511,19112,39395,3455,3553
6,548,14151,24426,1122,1458
6,672,15356,29301,2094,1975
7,3,3892,6913,1032,799
7,18,7839,14560,2012,1530
7,38,2233,7665,641,945
7,386,18934,44108,3214,2721
8,20,3676,6028,808,68
8,36,16760,28800,2312,2055
8,197,8529,12984,1317,871
8,198,19610,52773,4449,4579
8,264,18515,26279,2649,2254
8,351,17467,42171,2869,2621
8,399,6890,18314,1419,1303
8,404,11901,32310,2564,1888
8,419,4630,6164,789,660
8,435,15712,38271,3151,3306
8,478,14106,30329,2385,2339
8,481,18743,46312,4126,4131
8,482,11480,21599,1109,1693
8,484,17030,36389,2482,2835
8,516,5803,19188,1617,1371
8,543,18184,42139,2973,3405
8,614,18745,46428,3369,2534
9,6,14770,41528,3816,3979
9,51,8160,19707,2004,2326
9,156,11456,20088,2123,2288
9,166,17143,39782,4304,4675
9,208,7702,28632,1950,2059
9,334,18445,38338,3695,3541
9,348,17784,39268,4437,3578
9,378,5553,14942,2103,1053
9,420,6549,12463,1506,1189
9,445,7783,16405,1127,1127
9,549,9823,34546,2814,2770
9,672,15037,34531,3600,3644
10,43,16948,,,
10,53,5025,11922,930,594
10,74,18918,,,
10,226,5025,12061,1163,958
10,278,18968,,,
10,308,16336,,,
10,379,8493,,,
10,381,19222,,,
10,400,14418,,,
10,413,7369,16816,920,992
10,436,14170,,,
10,473,7706,10824,435,693
10,548,17101,,,
10,573,19369,29836,1377,2262
10,668,6128,8138,87,539
11,1,6252,,,
11,14,10159,,,
11,19,3418,,,
11,44,9100,42198,2908,2309
11,69,12580,44657,2971,2729
11,175,13722,38467,3260,2556
11,243,19655,46678,3387,3277
11,263,4690,9479,930,812
11,304,19396,41847,2942,3638
11,330,7015,16897,1436,1496
11,446,15669,46579,3506,2854
11,453,13470,19785,1833,1152
11,498,19431,58306,4817,3881
11,515,19351,59358,4112,3949
11,527,18607,58526,5199,4417
11,579,4005,10466,200,812
12,2,14257,,,
12,14,17151,,,
12,15,9599,,,
12,27,18560,,,
12,31,19358,,,
12,44,18644,,,
12,47,10367,,,
12,69,17176,,,
12,77,7040,,,
12,161,7786,,,
12,204,9698,,,
12,213,5265,,,
12,243,19249,,,
12,312,19643,,,
12,338,13785,,,
12,374,7646,,,
12,446,16499,,,
12,454,15577,,,
12,472,14572,,,
12,474,8365,,,
12,498,8770,,,
12,515,10622,,,
12,527,19006,,,
12,558,15064,,,
12,603,9732,,,
12,659,19820,,,
12,663,11120,,,
12,665,9176,,,
13,39,15639,30165,2150,2538
13,229,9078,23063,2532,2289
13,314,13719,52885,3618,4046
13,397,3949,5396,417,956
13,405,4816,7356,465,945
13,486,14879,26717,2621,2710
13,589,11282,47174,3039,3789
13,615,9072,16807,1587,1824
14,1,5205,29209,2666,2772
14,11,10159,,,
14,12,17151,,,
14,19,6766,38793,3406,3761
14,44,3309,,,
14,47,12952,,,
14,69,6580,16815,1128,1985
14,77,15444,,,
14,161,17109,,,
14,175,10194,,,
14,243,15000,25723,1298,2247
14,263,14094,58602,3759,4715
14,330,16927,51629,3321,4455
14,374,10041,,,
14,446,9648,18913,1251,1694
14,454,16882,,,
14,498,9833,17616,1822,1960
14,515,10558,18668,1054,1965
14,527,12718,,,
14,579,11441,60856,3154,4807
14,665,13936,58329,4173,4453
15,2,12478,,,
15,12,9599,,,
15,23,10772,22486,919,1865
15,27,11377,62151,3462,4512
15,31,14355,62843,3869,4575
15,47,18947,73772,4893,5562
15,66,17468,45015,2959,3831
15,77,13185,,,
15,161,12504,,,
15,197,19286,71109,4238,5197
15,204,8415,,,
15,206,17371,64261,3274,5067
15,213,4497,,,
15,264,19133,89597,5478,6500
15,312,11062,28410,1403,2181
15,338,14841,78004,3977,6189
15,374,17234,,,
15,472,6731,28182,1546,2718
15,474,8837,47322,2465,4001
15,498,17458,,,
15,515,18487,,,
15,558,6171,26779,980,1877
15,603,3625,,,
15,663,11948,,,
15,665,15724,90638,5760,6431
16,42,15068,22241,1020,1132
16,135,5768,7134,270,178
16,221,4587,6034,216,154
16,291,16813,33323,1560,1880
16,332,6989,12200,1235,836
16,371,16440,30939,2441,2244
16,500,14919,23836,1082,1455
16,582,18018,27996,2462,2488
16,583,15488,23607,2172,1933
16,584,8771,13812,839,785
17,22,10088,18335,1588,1088
17,48,12722,24036,2028,1805
17,65,9987,16682,1795,999
17,67,16507,48807,3602,3651
17,164,3904,7725,693,363
17,367,14301,28092,1819,1696
17,453,18374,27823,2810,2295
17,592,13721,53807,3884,4401
18,3,4167,7662,811,1060
18,7,7839,14560,1588,2070
18,38,9921,22215,2264,3050
18,386,11249,34952,1594,1583
18,391,18968,36960,3243,3293
18,487,15350,32966,2790,2775
19,1,3742,10094,992,743
19,11,3418,,,
19,14,6766,38793,3799,3444
19,44,6155,16690,1500,1620
19,47,18936,,,
19,69,10068,22093,1780,2257
19,175,11412,,,
19,243,17874,31805,2587,3181
19,263,7499,,,
19,330,10364,39328,2053,2832
19,374,16753,79765,4936,4233
19,446,13341,26162,2436,2504
19,453,15820,55292,3089,3127
19,498,16239,35742,3613,3396
19,515,16382,36794,2829,3385
19,527,15917,,,
19,579,5377,,,
19,665,19853,65532,5538,5463
20,8,3676,6028,33,755
20,34,17035,49744,2836,2885
20,36,16116,23336,1528,2011
20,197,8921,13643,834,1128
20,228,19946,55043,3843,4008
20,318,17224,47064,2571,3199
20,351,14320,42830,2420,2912
20,399,4888,18973,924,1548
20,404,8733,32969,2032,2096
20,419,5948,9496,440,1051
20,435,17139,32807,2346,3241
20,478,17782,35264,2304,2998
20,482,10972,16135,384,1708
20,516,9466,24123,1560,2054
20,614,15896,47087,2908,2813
21,26,2076,3032,145,342
21,34,7508,10855,608,558
21,45,18314,31490,2316,2796
21,55,17875,35666,2188,2299
21,227,9936,25158,1681,2107
21,228,16108,33333,2231,2297
21,250,14919,41177,2696,3830
21,259,15039,30608,1663,2056
21,269,16613,35580,2181,2545
21,274,19517,40908,2855,3480
21,318,4489,9295,284,826
21,332,18739,33131,2135,2143
21,351,16517,37642,2282,2675
21,398,9892,18270,1218,1665
21,404,17369,34855,2339,2304
21,500,19926,30187,786,1542
21,559,11892,27953,1941,2150
21,614,18963,39022,2802,2608
22,17,10088,18335,1106,1616
22,65,19979,30042,1942,1656
22,67,7258,30535,2014,2573
22,68,14340,21611,745,1582
22,164,13986,26000,1812,1992
22,280,13586,41784,3386,3285
22,333,18847,48784,3804,3873
22,367,13837,24784,1705,2092
22,569,18176,45437,3365,3664
22,592,6603,35534,1988,3015
23,2,14836,59857,4107,4151
23,15,10772,22486,1810,864
23,27,6494,,,
23,28,12403,26086,2187,2050
23,29,17394,52757,3205,3750
23,31,11490,47576,3517,3277
23,40,18263,41075,2286,3189
23,55,15269,35854,3425,3343
23,66,6736,29748,2714,2640
23,197,16516,69580,4382,4395
23,204,14063,69052,5001,4780
23,206,15116,48994,3007,3854
23,213,14744,,,
23,214,13010,23095,1692,2151
23,228,14852,43391,4087,3983
23,259,19438,40563,3559,3777
23,305,16269,30298,3089,2690
23,312,2756,13143,1182,1014
23,338,18884,62737,3614,4880
23,351,13705,45532,2849,3072
23,399,17730,62788,3930,4274
23,404,16113,48786,3336,3120
23,472,11278,28589,1939,2165
23,474,18859,47728,2796,3386
23,558,4984,16292,1044,995
23,603,10561,22398,1341,949
23,614,11076,42897,2964,2600
23,663,17063,63819,3611,4593
24,243,18468,35256,2162,2037
24,659,13936,35886,2866,2040
25,4,4286,4909,391,369
25,50,17369,92523,4843,5532
25,157,16418,58346,3501,3441
25,182,16125,40005,2602,2951
25,290,14430,72107,5030,4467
25,444,11803,17484,995,1034
25,550,16651,48267,3171,3580
25,664,12232,16262,594,1173
26,21,2076,3032,324,145
26,34,5981,8395,618,371
26,45,18990,31691,2372,2655
26,55,19784,35866,2192,2106
26,135,19210,39002,2346,2438
26,227,11984,25359,1730,1959
26,228,17872,33534,2262,2131
26,250,16450,41378,2727,3664
26,259,17065,30809,1663,1859
26,269,18659,35780,2212,2379
26,318,3942,6931,197,539
26,332,17165,33331,2207,2018
26,351,17811,35182,2346,2542
26,398,10572,18470,1249,1499
26,404,18085,32396,2297,2065
26,500,17850,27728,816,1375
26,559,13905,28153,2025,2037
27,2,9178,25997,2615,2555
27,12,18560,,,
27,15,11377,62151,4510,3460
27,23,6494,,,
27,28,13605,37563,3089,2848
27,29,15487,32970,1837,2271
27,31,5006,9090,1282,938
27,40,13508,21287,907,1706
27,55,17848,45306,3720,3534
27,66,9662,41225,3662,3484
27,77,17860,,,
27,161,16267,,,
27,204,10150,35192,3394,3069
27,206,8654,15414,1398,2141
27,213,13763,,,
27,214,12767,32783,1959,2314
27,228,18553,52843,4292,4084
27,305,17399,39750,3175,2672
27,312,3819,,,
27,338,13387,28877,2045,3207
27,351,19035,61305,4677,4796
27,472,15099,68254,4508,4630
27,558,5996,,,
27,603,9068,,,
27,614,16312,62333,5178,4710
27,659,17518,29077,2709,2310
27,663,12241,29959,2052,2930
27,665,19719,41511,3816,3437
28,23,12403,26086,2063,2200
28,27,13605,37563,2910,3151
28,29,7844,43436,2948,3623
28,31,16003,38255,3384,3281
28,37,18312,48346,3911,4564
28,40,14148,31754,1990,3030
28,41,19825,50881,4292,4486
28,55,4875,12441,1283,1338
28,66,5798,7601,945,1021
28,206,18132,39673,2645,3629
28,214,2889,5735,461,1057
28,227,13376,26837,2257,2645
28,228,7195,19978,1950,1983
28,244,16936,37993,3372,3906
28,259,8588,19593,1792,2147
28,269,13401,22493,1781,2122
28,305,3925,6886,954,692
28,312,12012,24333,2194,2163
28,351,11483,28440,2469,2829
28,404,16922,39090,3411,3309
28,558,16820,35159,2459,2547
28,559,11222,24030,2383,2511
28,614,9737,29468,2779,2552
29,23,17394,52757,3763,3218
29,27,15487,32970,2391,1950
29,28,7844,43436,3655,2973
29,31,15367,33661,2653,1868
29,37,12836,34838,2152,2123
29,40,8332,18329,848,1206
29,41,15600,37374,2474,1986
29,55,11415,51179,4050,3423
29,66,12167,47098,4100,3481
29,206,15890,35079,2016,2318
29,214,5248,,,
29,227,18463,53741,4371,4077
29,228,14477,58435,5028,4379
29,244,15331,27848,1718,1570
29,259,13346,46497,3800,3473
29,269,14703,38171,3305,2964
29,274,19966,35185,2629,2541
29,305,7805,45623,3699,2755
29,312,15834,51004,3848,3135
29,351,19297,64670,5592,5270
29,559,16508,50933,4314,3760
29,614,17566,65698,5885,4976
30,32,4232,5445,99,504
30,339,9467,12305,500,1258
30,363,4397,5350,31,539
31,2,6491,16915,1333,1617
31,12,19358,,,
31,15,14355,62843,4488,3782
31,23,11490,47576,3258,3498
31,27,5006,9090,927,1271
31,28,16003,38255,3182,3285
31,29,15367,33661,1821,2606
31,40,10722,21979,902,2045
31,66,13490,41917,3738,3904
31,77,16769,,,
31,161,15024,,,
31,204,9776,26111,2197,2216
31,206,3661,6332,127,1214
31,213,15394,,,
31,214,14322,33475,1931,2630
31,305,19382,40442,3309,3150
31,312,8773,45823,3554,3626
31,338,10369,19795,773,2279
31,472,19276,68945,4546,5012
31,558,10278,56648,3632,3823
31,603,11170,62754,3916,3764
31,659,13154,19995,1350,1295
31,663,10336,20878,770,1992
31,665,18100,32430,2486,2451
32,30,4232,5445,523,99
32,339,5261,8218,352,705
32,363,258,713,32,112
33,50,18695,73657,4052,4408
33,78,17003,42423,2568,2349
33,79,7550,12500,838,733
33,80,7410,14436,1406,1295
33,103,19632,30094,1843,1820
33,167,6837,14194,944,826
33,191,7055,12325,1014,1076
33,217,19314,28139,1679,1767
33,234,4350,5077,564,358
33,236,13308,20475,1690,1755
33,241,13443,25877,2532,2616
33,242,10516,18729,1683,1846
33,309,10452,15862,1298,998
33,444,18739,82873,5348,5032
33,456,13064,17486,1168,1109
34,20,17035,49744,2828,2779
34,21,7508,10855,566,634
34,26,5981,8395,352,618
34,36,14455,71140,3947,4381
34,135,19153,30792,1802,2141
34,227,15993,33324,1941,2417
34,228,19890,41499,2512,2628
34,291,18412,24935,634,1387
34,318,3891,7537,283,872
34,332,18370,36794,2585,2619
34,351,17997,35788,2448,2891
34,398,16397,26436,1467,1964
34,399,19150,30798,1559,2123
34,404,16396,28375,2041,2056
34,419,18451,54874,3278,3840
34,482,14353,63938,2835,4110
34,500,14795,19518,217,1023
34,559,17518,36118,2125,2384
35,6,10995,19233,1319,1729
35,51,14097,21855,1288,1857
35,74,12687,29991,2465,3574
35,226,15615,,,
35,278,8806,22171,2225,2592
35,308,4312,10230,587,1128
35,334,7418,15707,1533,1626
35,348,12593,29015,2611,1999
35,378,17799,28673,2709,1906
35,381,5531,10130,866,1075
35,436,7238,,,
35,494,16447,34639,2977,2994
35,511,13189,33571,3068,3576
35,530,19842,40745,2423,3215
35,548,3180,12378,450,1196
35,672,12623,24278,1738,2029
36,8,16760,28800,2013,2252
36,20,16116,23336,1958,1473
36,34,14455,71140,4320,3886
36,291,14887,,,
36,318,17850,68459,3978,4123
36,419,12408,29849,2073,2201
36,435,9311,17210,1944,2356
36,480,18767,35154,3653,3670
36,481,14873,25251,2817,3079
36,482,5284,9880,440,1274
36,500,14873,,,
36,516,19730,47368,3705,3716
37,28,18312,48346,4561,3908
37,29,12836,34838,2073,2102
37,40,18039,43055,2109,2496
37,41,3990,4989,511,52
37,55,18945,48230,4372,3774
37,214,16916,46338,4196,4139
37,244,8820,18700,1524,1405
37,250,19327,34536,2784,3232
37,259,17724,39096,3460,3162
37,269,13443,30771,2977,2665
37,274,13336,25594,2262,2203
37,305,15451,42674,4016,3101
37,376,9462,16368,862,1143
37,531,14942,26595,1661,1958
37,653,14563,26141,1595,1804
38,3,5818,14568,2019,1463
38,7,2233,7665,956,655
38,18,9921,22215,3025,2220
39,5,13988,23916,1786,1964
39,13,15639,30165,2570,2189
39,45,16767,50668,3880,3733
39,229,12774,37686,3713,3102
39,388,13470,57627,4215,3844
39,397,18173,30481,2348,2519
40,2,16311,34260,2750,1882
40,23,18263,41075,3221,2309
40,27,13508,21287,1762,954
40,28,14148,31754,3024,1975
40,29,8332,18329,1186,812
40,31,10722,21979,2113,961
40,37,18039,43055,2514,2118
40,55,18708,39496,3586,2592
40,66,15804,35416,3629,2643
40,206,9455,23397,1571,1506
40,214,11303,26974,1867,1414
40,305,15625,33941,3085,1774
40,312,15803,39321,3258,2178
40,338,19117,37140,2250,2604
40,558,19490,50147,3537,2576
40,659,18490,37340,2832,1625
41,28,19825,50881,4488,4294
41,29,15600,37374,2050,2531
41,37,3990,4989,52,511
41,55,19477,50766,4331,4192
41,214,18943,48873,4169,4571
41,244,6285,21236,1488,1828
41,250,16111,37071,2705,3612
41,259,17416,41632,3413,3574
41,269,11939,33307,2940,3087
41,274,10003,28130,2123,2523
41,305,16451,45210,3951,3495
41,376,6635,11654,410,1150
41,531,10997,29130,1515,2271
41,559,19468,46069,4020,3954
41,653,10615,28677,1540,2208
42,16,15068,22241,1119,1004
42,135,12847,20568,1214,1021
42,221,10487,16283,1138,977
42,291,6656,31334,1544,1765
42,332,16973,26570,2004,1506
42,371,7371,25302,2431,2135
42,500,9721,21848,1103,1377
42,580,15961,29623,2735,2707
42,582,3515,5881,700,627
42,583,874,1491,338,0
42,584,6317,11290,1418,1262
42,594,12144,23180,2022,2050
43,10,16948,,,
43,53,16701,,,
43,226,19526,,,
43,277,14255,,,
43,279,16981,,,
43,281,18104,,,
43,288,16740,,,
43,379,10765,22964,1902,2025
43,382,15073,,,
43,400,2531,3738,661,203
43,413,18040,,,
43,668,19405,,,
44,1,2961,7106,874,491
44,11,9100,42198,2285,2870
44,12,18644,,,
44,14,3309,,,
44,19,6155,16690,1597,1463
44,47,15882,,,
44,69,4201,6466,317,660
44,77,15668,,,
44,161,17181,,,
44,175,13094,69698,4513,4394
44,243,12592,18255,1196,1656
44,263,13587,39443,2105,2572
44,330,15226,32470,1731,2376
44,374,12215,72907,4589,3752
44,446,7538,11944,970,904
44,498,10404,20115,2159,1808
44,515,10268,21167,1373,1795
44,527,15991,89757,6456,6259
44,579,11487,41697,1601,2765
44,665,13736,51982,4160,3951
45,5,16830,47393,3134,3459
45,21,18314,31490,2825,2363
45,26,18990,31691,2671,2388
45,39,16767,50668,3751,3894
45,244,18739,31962,3060,3147
45,250,8931,17294,1055,1709
45,269,18502,34074,3080,2964
45,274,13755,24593,2151,2279
45,388,5010,8211,792,568
45,398,8441,13919,1224,1191
45,531,12752,29991,2391,2905
45,653,13123,30421,2462,2917
46,75,11634,15563,491,832
46,88,11212,20217,1108,1731
46,89,8633,15318,848,1315
46,91,3961,5457,322,336
46,92,9144,13223,1018,938
46,194,16497,34985,1998,3072
46,236,17067,24637,1738,1799
46,241,18571,31311,2356,2445
46,297,3100,4313,98,592
46,309,19984,29238,2462,2167
46,347,2523,3552,0,464
46,393,8027,12722,703,998
46,630,18565,46915,2219,2330
46,654,12052,17917,1260,815
46,655,12982,21732,1312,1661
46,667,12820,71333,5064,5003
47,1,18157,,,
47,12,10367,,,
47,14,12952,,,
47,15,18947,73772,5477,4815
47,19,18936,,,
47,44,15882,,,
47,69,16924,,,
47,77,14636,,,
47,161,16177,,,
47,175,12476,47096,3872,3971
47,204,19896,,,
47,213,15244,,,
47,340,19993,,,
47,349,15567,42933,1076,3047
47,374,5694,,,
47,446,18244,,,
47,454,5952,10123,464,988
47,474,12711,26479,1530,2390
47,498,11466,,,
47,515,14138,,,
47,527,8863,36615,2367,2388
47,603,19923,84577,5090,4982
47,665,15320,,,
48,17,12722,24036,1799,2021
48,65,5156,7388,797,224
48,164,9527,17057,1505,1388
48,263,17429,25279,1404,1686
48,453,8606,13946,1097,829
48,579,18919,31083,1410,1918
49,168,10545,32316,2997,1630
49,322,14741,36539,3257,2181
49,518,18142,,,
49,519,17524,,,
49,540,8477,12801,1866,129
49,565,8161,,,
49,580,18105,101619,10672,8876
49,670,11630,35602,3327,2274
50,4,18619,87634,5245,4494
50,25,17369,92523,5562,4851
50,33,18695,73657,4398,4042
50,167,13225,,,
50,444,13088,,,
50,664,16275,,,
51,6,10586,21929,1835,1676
51,9,8160,19707,2321,1999
51,35,14097,21855,1906,1337
51,74,15835,32956,2630,3170
51,156,10449,26372,3271,3114
51,166,12842,23405,1568,1617
51,208,15065,48314,4274,4061
51,278,13659,25136,2392,2190
51,308,16470,22771,1430,1402
51,334,10297,18672,1776,1300
51,348,10390,19603,2448,1267
51,378,3738,6858,1372,0
51,381,12924,22672,1775,1415
51,420,7888,18748,2698,2059
51,436,18025,61292,5951,5174
51,445,15715,36087,3558,3236
51,494,14521,25227,2687,2135
51,511,12853,30644,2996,2935
51,530,15713,30471,2170,2393
51,548,16660,24920,1418,1595
51,549,15733,53624,3862,3496
51,672,7680,14866,1562,1284
53,10,5025,11922,578,894
53,43,16701,,,
53,226,9992,20403,1465,1596
53,379,11306,,,
53,400,14333,,,
53,413,2481,11663,676,1084
53,436,18091,,,
53,473,3912,5671,315,909
53,573,14592,24683,1267,2488
53,668,2711,3802,67,855
55,21,17875,35666,2296,2203
55,23,15269,35854,3354,3413
55,26,19784,35866,2117,2203
55,27,17848,45306,3582,3745
55,28,4875,12441,1399,1321
55,29,11415,51179,3475,4072
55,37,18945,48230,3725,4300
55,40,18708,39496,2626,3588
55,41,19477,50766,4081,4197
55,66,8673,19927,2184,2169
55,214,7467,12876,1298,1816
55,227,8564,16225,1019,1334
55,228,3275,7561,631,586
55,244,15208,37877,3226,3682
55,250,18867,39684,2950,3973
55,259,4203,10315,691,973
55,269,10371,22377,1651,1914
55,274,17620,37487,3053,3567
55,305,3893,5585,739,399
55,312,15608,34101,3594,3485
55,318,18743,38982,2001,2432
55,351,8937,16023,1231,1513
55,399,19862,39881,2620,3023
55,404,14503,26673,2167,1987
55,559,6413,14226,1187,1237
55,614,8328,17051,1503,1198
57,100,18302,,,
57,130,4771,9098,586,336
57,154,17543,,,
57,172,14069,,,
57,184,15034,,,
57,210,12727,56659,2442,2334
57,307,10951,,,
57,407,6332,9722,759,616
57,528,17108,,,
58,132,16278,25118,1357,2125
58,133,10422,18111,1288,1848
58,136,19513,33772,2308,2739
58,190,16175,37186,2665,2803
58,292,6988,9598,777,1033
58,385,5287,10161,553,1154
58,401,5313,9921,728,896
58,485,9739,19096,1274,1299
58,545,18916,27289,1877,2071
58,605,4947,6578,615,442
61,112,2927,4291,151,277
61,211,3842,7725,795,713
61,336,15049,37060,2322,2378
61,383,14551,58778,3859,3976
61,384,13156,62365,4114,4015
61,596,7659,14471,586,995
62,72,14391,,,
62,82,16543,,,
62,93,12092,31745,491,2523
62,98,12092,31745,491,2523
62,123,9832,14535,420,1011
62,129,19479,,,
62,179,15394,,,
62,205,19917,34254,1665,2125
62,216,13824,25827,1017,1848
62,437,19795,,,
63,140,15124,83506,5315,5336
63,235,11228,,,
63,298,16237,90354,5809,5812
63,377,5520,8792,623,321
63,497,18894,96967,6342,6560
65,17,9987,16682,964,1759
65,22,19979,30042,1712,2008
65,48,5156,7388,214,787
65,164,6135,10223,453,909
65,263,16390,23161,931,1786
65,330,17772,29902,1843,2865
65,350,18294,36243,2419,3402
65,453,8402,11828,735,1016
65,579,18621,28965,892,1962
66,2,18816,54198,4439,4544
66,15,17468,45015,3931,3046
66,23,6736,29748,2734,2795
66,27,9662,41225,3586,3751
66,28,5798,7601,1013,947
66,29,12167,47098,3506,4112
66,31,13490,41917,3947,3768
66,40,15804,35416,2691,3655
66,55,8673,19927,2235,2214
66,197,18970,66576,5348,5422
66,204,19434,63393,5329,5169
66,206,16492,43335,3308,4216
66,214,7100,13221,1362,1882
66,227,16737,34323,3294,3606
66,228,8909,27464,2918,2875
66,259,12875,27079,2801,3080
66,269,18693,29979,2849,3114
66,305,9574,14371,1961,1623
66,312,6968,27995,2779,2672
66,351,10042,35926,3480,3764
66,399,18113,59784,4941,5346
66,404,14459,46576,4394,4216
66,472,17536,51118,4012,4299
66,558,11452,38821,3019,3031
66,559,14686,31515,3323,3375
66,603,16823,44927,3310,2979
66,614,7435,36954,3703,3400
67,17,16507,48807,3669,3620
67,22,7258,30535,2608,2049
67,68,14786,33422,2024,2302
67,280,6422,12422,1448,788
67,333,11648,19421,1911,1421
67,566,13823,22074,1824,1686
67,569,11003,16075,1486,1226
67,573,16813,47795,3032,2936
67,592,4204,6282,148,616
68,22,14340,21611,1556,708
68,67,14786,33422,2387,2098
68,280,18934,44672,3654,2705
68,367,15315,29282,2101,1640
68,569,19401,48324,3609,3060
68,574,18759,41364,2224,1972
68,575,19987,35720,1305,1617
68,592,18056,38421,2194,2373
69,1,6406,12509,1439,696
69,11,12580,44657,2714,2939
69,12,17176,,,
69,14,6580,16815,1916,1067
69,19,10068,22093,2246,1752
69,44,4201,6466,703,329
69,47,16924,,,
69,77,12847,,,
69,161,14148,,,
69,175,16774,72158,4925,4446
69,243,8482,13675,1105,1205
69,263,17235,41902,2593,2700
69,330,17833,34929,2224,2509
69,338,17834,41206,2929,3901
69,374,12144,,,
69,446,3340,5593,597,185
69,498,8418,13764,1847,1136
69,515,7303,14816,1069,1131
69,527,18939,92216,6826,6269
69,579,15446,44156,1919,2723
69,659,18965,30781,2891,2302
69,663,18032,48645,3141,3835
69,665,10591,47402,4095,3526
72,62,14391,,,
72,82,2912,5804,203,556
72,87,11798,19637,1502,1861
72,93,11820,,,
72,98,11820,,,
72,129,16839,25536,1319,1789
72,163,18446,42974,3145,3395
72,179,6259,9031,418,628
72,216,19834,,,
72,354,6846,28256,1997,2269
72,415,19506,,,
72,437,8569,22180,1607,1775
73,128,3712,12275,1214,1204
73,149,3242,15474,1770,1071
73,150,3564,19337,2687,1151
73,286,17611,43231,2034,1796
73,372,14033,24668,1651,1365
73,373,3463,5123,404,160
73,613,16409,40669,1999,1849
74,10,18918,,,
74,35,12687,29991,3582,2473
74,51,15835,32956,3109,2569
74,156,17667,41915,4175,3498
74,166,12255,28218,2784,2293
74,226,16691,,,
74,278,3933,7896,1006,264
74,308,10046,28846,2774,2206
74,334,6969,14489,1999,968
74,348,5876,16434,2229,325
74,378,18054,39774,4515,2603
74,381,7206,28747,3059,2159
74,420,19798,48789,5782,4603
74,436,8395,28671,3355,2038
74,473,19721,,,
74,494,5528,8795,1426,344
74,511,3675,6710,860,259
74,530,9099,21198,1944,1627
74,548,11854,30994,2671,2308
74,668,19382,,,
74,672,8541,19150,2321,1503
75,46,11634,15563,806,488
75,86,19535,35226,2494,2686
75,88,10250,17480,847,1129
75,89,8512,12581,610,736
75,91,14477,18632,1225,908
75,92,3440,5233,874,434
75,194,12944,22400,934,1639
75,297,11550,13881,562,717
75,347,14156,19087,865,988
75,393,5636,8239,911,864
75,630,17538,36859,2113,1883
75,654,2517,5389,902,116
75,655,4052,9205,945,953
76,277,9022,31739,3318,2778
76,279,4477,15103,2013,1346
76,281,3389,17152,2355,1389
76,288,5335,24413,2988,2585
76,382,6662,22485,2921,2427
76,566,17811,38761,2564,2666
77,1,18573,,,
77,2,10465,,,
77,12,7040,,,
77,14,15444,,,
77,15,13185,,,
77,27,17860,,,
77,31,16769,,,
77,44,15668,,,
77,47,14636,,,
77,69,12847,,,
77,161,1763,,,
77,204,7722,,,
77,206,17296,,,
77,213,9084,,,
77,243,12627,,,
77,338,8189,,,
77,374,9493,,,
77,446,11067,,,
77,472,19548,,,
77,474,15222,,,
77,498,5642,,,
77,515,5549,,,
77,558,16635,,,
77,603,11206,,,
77,659,13368,,,
77,663,6560,,,
77,665,2552,,,
78,33,17003,42423,2288,2509
78,167,19222,52232,2730,2833
78,191,18050,42021,2304,2586
78,276,8432,10624,624,788
78,456,17006,34360,1743,1925
79,33,7550,12500,749,854
79,80,3503,4873,341,335
79,103,15067,23360,1162,1244
79,167,11390,26673,1686,1673
79,191,8412,13626,798,981
79,217,16997,28363,1654,1847
79,234,4078,7483,387,291
79,236,5835,8887,854,1024
79,241,7820,14391,1233,1422
79,242,4378,7704,621,889
79,309,2918,4274,456,261
79,456,15053,24693,1594,1640
80,33,7410,14436,1294,1405
80,79,3503,4873,349,342
80,103,18521,28076,1558,1646
80,167,8930,24150,1658,1651
80,191,10862,18291,1524,1697
80,234,5886,10626,1037,944
80,236,6978,10722,1061,1237
80,241,6048,12348,762,957
80,242,3250,5111,420,694
80,309,4888,8990,831,642
80,444,17199,68797,4088,3883
80,456,17685,29242,2342,2394
80,664,17431,67575,3539,3874
81,84,14444,27925,1848,1615
81,141,13699,24070,2196,2150
81,144,9573,17430,1842,1350
81,145,14708,23536,2235,1696
81,151,5138,13193,1283,1018
81,195,11356,18821,1734,1726
81,232,15406,31975,2363,1968
81,295,18440,33783,2133,2116
81,327,12833,33749,2545,2517
81,452,6897,13228,1271,1296
81,536,8858,17558,776,1783
81,610,12611,34830,2362,3420
81,666,18766,45171,3537,3445
82,62,16543,,,
82,72,2912,5804,538,208
82,87,9087,13851,1369,1375
82,93,11671,,,
82,98,11671,,,
82,129,15452,23963,1538,1655
82,163,16657,37187,2979,2876
82,179,4765,7457,602,459
82,202,18521,28222,2046,1564
82,287,18238,30935,2405,2571
82,354,5279,22469,1857,1776
82,437,9922,17101,860,675
83,174,15839,27361,1470,865
83,233,16039,60852,2550,2026
83,272,12039,33495,1705,1330
83,286,12522,18199,1499,1069
83,372,17492,63481,2884,2408
83,529,12233,33330,1696,1305
83,613,17193,23359,1669,1329
83,616,14328,36750,1671,1739
84,81,14444,27925,1670,1943
84,151,13996,35907,2267,2254
84,295,4010,5897,203,438
84,327,14150,59779,3158,3382
84,452,15264,24531,1397,1673
84,536,16375,40272,1752,3011
84,610,19376,41652,1683,2993
84,666,11970,51992,2782,2942
85,189,17886,40042,2428,2333
85,438,16901,38905,2351,2656
85,439,16917,38888,2351,2656
86,75,19535,35226,2698,2521
86,88,10048,19692,1868,1973
86,89,12791,22672,2036,1962
86,90,12631,44931,2912,2794
86,91,18682,40090,3483,2989
86,92,17019,30230,2759,2161
86,97,12689,16988,1289,1104
86,183,16702,24776,1809,1283
86,194,6894,22253,917,1473
86,222,16937,27151,1817,1705
86,297,17310,35339,2820,2798
86,393,15517,27167,2340,2117
86,654,17139,35527,3304,2341
86,655,15898,36412,2183,2009
86,667,17911,55547,4077,3498
87,72,11798,19637,1877,1541
87,82,9087,13851,1363,1368
87,93,17912,,,
87,98,17912,,,
87,129,18032,28780,1855,1951
87,163,10082,23442,1572,1463
87,179,10821,21290,1976,1827
87,202,18327,28861,2428,1940
87,287,9209,17189,1038,1198
87,354,6565,8724,479,392
87,437,14662,19902,1304,1119
88,46,11212,20217,1751,1128
88,75,10250,17480,1149,867
88,86,10048,19692,1928,1838
88,89,2805,4926,472,293
88,91,10960,22345,1872,1273
88,92,7237,12484,1189,486
88,97,16756,30462,3084,2794
88,194,5305,14808,757,1208
88,297,8583,17594,1201,1074
88,347,12945,23740,1713,1554
88,393,5505,9421,741,413
88,654,8231,17781,1712,644
88,655,7544,21597,1839,1565
88,667,14928,69021,5868,5184
89,46,8633,15318,1332,868
89,75,8512,12581,727,604
89,86,12791,22672,1921,1990
89,88,2805,4926,313,472
89,91,9022,17446,1437,997
89,92,5163,7585,699,155
89,97,18210,33441,3135,3004
89,194,7918,19694,1066,1676
89,297,6304,12695,782,814
89,347,10577,18841,1391,1391
89,393,3084,4522,289,120
89,654,6993,12882,1248,339
89,655,6850,16698,1311,1196
89,667,14546,72000,5921,5396
90,86,12631,44931,2762,2859
90,194,16768,62963,3496,4170
90,222,19425,31857,1600,1606
91,46,3961,5457,319,297
91,75,14477,18632,927,1244
91,86,18682,40090,2933,3442
91,88,10960,22345,1279,1878
91,89,9022,17446,986,1418
91,92,11458,15351,1163,1059
91,96,19251,64607,3791,3584
91,97,17745,50860,4113,4422
91,194,16152,37113,2061,3111
91,236,16023,23225,1338,1375
91,241,18690,30559,2169,2234
91,242,19729,28743,2068,2212
91,297,3012,4851,172,658
91,309,18791,27827,2053,1734
91,347,3154,4141,25,465
91,393,9746,14851,877,1152
91,654,14314,20648,1692,1223
91,655,14899,24463,1774,2099
91,667,8859,,,
92,46,9144,13223,968,1067
92,75,3440,5233,450,890
92,86,17019,30230,2155,2787
92,88,7237,12484,451,1173
92,89,5163,7585,121,684
92,91,11458,15351,1066,1189
92,194,10878,24142,1083,2228
92,297,8460,10600,384,979
92,347,11630,16746,932,1495
92,393,2197,3077,40,433
92,630,19171,40468,1996,2206
92,654,2916,5368,556,210
92,655,3940,9183,588,1036
92,667,18781,79558,6127,6165
93,62,12092,31745,2477,454
93,72,11820,,,
93,82,11671,,,
93,87,17912,,,
93,129,7514,,,
93,179,7418,,,
93,202,13016,,,
93,283,19537,,,
93,354,16812,,,
94,117,3169,4958,358,341
94,187,11719,,,
94,306,10665,26269,2035,1828
94,355,15081,46439,3596,3604
94,492,7992,29350,2191,2562
94,493,12715,,,
94,596,15660,,,
95,96,5310,10933,931,621
95,97,12538,21920,1438,1596
95,103,12453,18633,1320,1113
95,183,12955,24246,1629,1440
95,192,8234,13695,1043,828
95,217,14871,20024,1702,1625
95,222,17678,33815,1559,1819
95,502,6510,9900,751,1117
95,667,14188,26546,2030,1799
96,91,19251,64607,3472,3656
96,95,5310,10933,601,954
96,97,13569,23316,1410,1898
96,103,7774,14029,483,606
96,183,16391,25641,1575,1716
96,192,13485,23517,1434,1549
96,217,11730,16836,978,1231
96,502,5583,6712,86,782
96,667,10759,15636,1138,1237
97,86,12689,16988,1111,1280
97,88,16756,30462,2788,3083
97,89,18210,33441,3004,3120
97,91,17745,50860,4447,4143
97,95,12538,21920,1585,1450
97,96,13569,23316,1840,1372
97,183,7127,9997,812,484
97,192,16314,23918,995,609
97,194,17498,33023,1954,2700
97,222,10933,20013,1280,1382
97,297,18476,46109,3785,3953
97,502,18244,30018,2026,2234
97,667,11070,38759,2711,2322
98,62,12092,31745,2477,454
98,72,11820,,,
98,82,11671,,,
98,87,17912,,,
98,129,7514,,,
98,179,7418,,,
98,202,13016,,,
98,283,19537,,,
98,354,16812,,,
100,57,18302,,,
100,114,13453,30930,1385,1844
100,138,18908,60012,3202,3445
100,154,1116,1683,355,0
100,172,4929,7268,571,996
100,184,3268,5133,814,514
100,200,15317,44056,2858,2553
100,210,19992,,,
100,307,8983,12648,1393,1278
100,407,16983,,,
100,475,12354,33009,1593,2011
100,528,1920,4482,800,192
103,33,19632,30094,1775,1821
103,79,15067,23360,1238,1179
103,80,18521,28076,1595,1530
103,95,12453,18633,1091,1302
103,96,7774,14029,631,489
103,191,13711,22898,1175,1314
103,192,19886,32308,2091,2087
103,217,5985,7330,469,603
103,234,15549,25078,1414,1259
103,236,14779,27792,1508,1603
103,242,17789,29456,1745,1954
103,309,14362,24373,1496,1242
103,456,14198,22464,1687,1682
103,502,7889,8860,0,583
103,667,13949,20484,1144,1124
104,148,12458,20899,1249,1507
104,210,12239,17505,1022,1374
104,218,7993,11290,471,832
104,507,1759,2842,144,320
104,557,3007,4149,182,482
104,591,1894,2751,76,269
105,110,14152,23308,2391,2133
105,119,9633,18390,1278,921
105,122,5875,10866,1257,1087
105,169,11782,27306,1941,2074
105,170,9657,14960,1290,836
105,178,10971,20375,1999,1892
105,180,5607,8462,1202,940
105,203,13413,30639,3105,2920
105,257,10513,22794,2488,1821
105,301,16652,30470,2966,2706
105,303,861,1216,0,159
105,389,19160,33371,3348,3130
106,108,11520,16007,683,734
106,111,15732,25237,1466,1342
106,219,14130,28092,2485,1896
106,261,16820,31892,3089,1946
106,491,14407,26686,1844,1244
106,556,17314,97390,5427,5642
108,106,11520,16007,797,734
108,111,6374,9264,722,535
108,219,11398,18569,1655,1018
108,260,17844,27903,2239,1615
108,261,11989,22287,2400,1194
108,262,14492,22166,1416,1311
108,294,15228,34295,1710,1694
108,491,9055,13762,1382,719
109,267,15582,,,
109,396,10939,,,
109,488,12071,,,
110,105,14152,23308,2209,2467
110,119,4563,6976,1130,1031
110,122,19490,34108,2730,2818
110,123,13747,21645,1578,1873
110,169,15903,26011,2218,2609
110,170,6223,11296,1391,1219
110,180,10194,14860,1243,1239
110,257,10888,19317,1745,1336
110,303,13292,22168,1398,1815
110,389,14525,26058,2332,2372
111,106,15732,25237,1325,1435
111,108,6374,9264,518,705
111,219,8148,15083,1248,784
111,260,12871,20045,1833,1382
111,261,7119,18802,1952,919
111,262,8711,14308,990,1058
111,294,17172,27808,1443,1600
111,491,5004,8077,771,285
112,61,2927,4291,252,133
112,187,18743,51652,2552,2292
112,211,5667,9008,955,759
112,336,16635,34705,1713,1655
112,383,17220,60215,3993,3996
112,384,16064,63801,4135,3922
112,596,5997,15908,671,966
113,211,18656,26757,1393,1460
113,336,13353,22156,1118,1323
113,416,17805,35277,1973,2866
113,509,10798,22537,1190,1191
114,100,13453,30930,1887,1404
114,116,16353,65165,4487,3492
114,138,8972,38972,2228,2009
114,154,13403,29389,1908,1039
114,172,15431,27244,1469,1404
114,184,15815,30591,2127,1335
114,307,18008,30021,1897,1306
114,468,18366,,,
114,475,1315,10078,692,627
114,528,15373,34791,2836,1766
115,171,4331,13615,1589,1586
115,173,15374,26998,2376,2765
115,181,18628,33921,3312,2311
115,231,10806,18117,1717,1594
115,238,16353,30380,2644,2162
115,271,6156,20677,2489,1954
115,366,6727,10223,1153,702
115,369,17788,36166,3181,2585
115,370,19228,32601,2887,2740
115,495,12218,35373,2530,3364
115,546,14281,22159,1461,1815
116,114,16353,65165,3442,4419
116,138,14207,34888,1773,2534
116,266,16369,30324,1734,1209
116,475,17406,60928,3355,4291
117,94,3169,4958,363,387
117,187,13998,,,
117,306,8248,21531,1584,1401
117,355,13640,41701,3141,3173
117,492,6115,24612,1762,2157
117,493,13488,,,
117,596,18602,,,
119,105,9633,18390,891,1264
119,110,4563,6976,1031,1111
119,122,14930,29129,2102,2289
119,123,14330,22521,1654,2048
119,169,12692,19149,1071,1561
119,170,3032,4434,264,191
119,178,19791,38637,3056,3306
119,180,6393,10490,595,690
119,203,18639,48901,4013,4185
119,257,9004,17977,1293,983
119,301,19748,32526,2441,2538
119,303,8778,17189,745,1261
119,389,15258,24718,1878,2017
121,316,17399,35736,1569,2297
121,319,15705,25274,1259,1361
121,555,14137,34214,2632,2782
121,563,10120,17364,1538,1878
122,105,5875,10866,1074,1244
122,110,19490,34108,2831,2743
122,119,14930,29129,2268,2081
122,169,11795,38045,2858,3161
122,170,14141,25698,2300,2040
122,178,5095,9664,786,849
122,180,11460,19271,2228,2136
122,203,9752,19928,1904,1889
122,207,18018,38995,2959,2838
122,257,16149,28590,2649,2152
122,303,6661,11955,1102,1425
123,62,9832,14535,1056,473
123,110,13747,21645,1959,1645
123,119,14330,22521,2044,1636
123,169,12424,34084,2802,2898
123,170,11968,19369,2018,1572
123,203,19852,53390,3450,3236
123,205,13351,19990,1216,1093
123,216,8168,11563,591,848
123,303,19906,33107,2891,3013
123,415,19105,29934,2240,2068
125,353,18672,,,
125,424,12322,,,
125,425,15863,,,
127,239,8013,15884,1582,1236
127,283,17008,31549,2379,2304
127,546,17653,43685,3965,3981
128,73,3712,12275,1216,1213
128,149,1792,3261,735,27
128,150,4194,7124,1545,0
128,202,17874,70238,5123,4270
128,372,13874,30979,1997,1702
128,373,5698,9411,884,631
129,62,19479,,,
129,72,16839,25536,1823,1369
129,82,15452,23963,1710,1586
129,87,18032,28780,1949,1831
129,93,7514,,,
129,98,7514,,,
129,179,10738,17025,1441,1174
129,202,5679,9602,1164,558
129,283,17555,,,
129,354,19605,37398,2452,2247
130,57,4771,9098,328,595
130,172,18711,,,
130,184,19471,112458,3667,3641
130,210,16036,64131,2617,2776
130,307,15717,,,
130,407,7754,15192,980,1104
132,58,16278,25118,2072,1331
132,133,5855,10811,994,810
132,136,14696,24358,2150,1824
132,188,12441,43010,3427,2927
132,207,16067,24267,1935,1626
132,266,18750,31972,2695,2423
132,292,12555,28034,2294,1793
132,401,15426,24126,1858,1274
132,412,18857,41245,3461,2696
132,485,13998,21068,1551,929
132,545,5575,9989,682,140
132,605,11594,18554,1573,643
133,58,10422,18111,1857,1291
133,132,5855,10811,839,1003
133,136,14575,28537,2603,2452
133,188,18173,47189,3938,3613
133,207,16816,28446,2409,2275
133,266,17792,36151,3153,3056
133,292,7539,21026,2057,1731
133,385,15577,28248,2397,2416
133,401,10105,17118,1644,1235
133,485,9980,19514,1596,1149
133,545,9394,14414,1289,901
133,605,5833,11546,1392,637
135,16,5768,7134,180,235
135,26,19210,39002,2380,2265
135,34,19153,30792,2032,1686
135,42,12847,20568,1045,1228
135,221,5229,7223,176,185
135,291,12417,26674,1301,1692
135,332,4166,6588,825,497
135,371,16782,32129,2365,2239
135,500,9646,17188,870,1314
135,582,16275,26349,1755,1852
135,583,13522,21960,1412,1244
135,584,7657,15001,800,817
136,58,19513,33772,2699,2284
136,132,14696,24358,1736,2051
136,133,14575,28537,2417,2559
136,178,15813,39993,2877,3078
136,203,17932,46610,2635,2766
136,207,2952,4699,484,490
136,266,4376,7634,533,587
136,292,12526,24216,1664,1512
136,605,17837,33668,2777,2173
138,100,18908,60012,3474,3210
138,114,8972,38972,2020,2215
138,116,14207,34888,2487,1711
138,154,19335,58471,3414,2764
138,468,11869,,,
138,475,8878,34735,1791,1945
139,148,14839,21672,1095,998
139,163,19422,,,
139,212,12651,,,
139,218,15840,29220,1891,1907
140,63,15124,83506,5276,5268
140,160,15989,24678,2186,2459
140,235,3964,6441,363,274
140,298,4433,6900,540,522
140,395,18151,47376,3590,3812
140,497,8672,13486,1177,1374
141,81,13699,24070,2122,2168
141,144,4299,7030,698,254
141,145,2994,4629,705,202
141,151,12736,19710,2051,1832
141,195,5835,8771,590,612
141,232,9470,24709,1573,1224
141,327,17229,28751,1905,1923
141,452,19122,31719,2182,2253
141,536,11625,19289,715,1768
141,617,18092,28218,2108,2164
143,275,8277,27214,2178,2312
143,283,16948,46818,3585,3985
143,320,6468,10467,789,856
143,369,11405,16855,1800,1334
143,495,18920,31497,2112,3085
143,570,7390,11140,1485,754
143,648,6177,10244,712,960
144,81,9573,17430,1363,1855
144,141,4299,7030,320,766
144,145,5253,6496,294,247
144,151,8506,13071,1292,1519
144,195,3827,5601,116,584
144,232,10716,23786,1594,1691
144,327,13864,25581,1413,1877
144,452,15489,24692,1484,2001
144,536,8003,13340,297,1797
144,617,17809,30085,1552,2054
145,81,14708,23536,1707,2246
145,141,2994,4629,212,705
145,144,5253,6496,234,283
145,151,12663,19176,1639,1913
145,195,4500,5899,26,541
145,232,12456,29326,1785,1929
145,327,15778,24384,1299,1810
145,536,10658,16417,181,1728
145,617,15163,23759,1313,1862
146,147,9711,,,
146,409,11312,,,
146,428,18018,,,
147,146,9711,,,
147,409,9717,17477,919,763
147,428,11570,14858,166,952
148,104,12458,20899,1528,1278
148,139,14839,21672,933,1045
148,201,15259,23921,1984,1896
148,218,11096,20672,1063,1184
148,323,15796,26378,2295,1973
148,331,15835,26463,2397,2034
148,507,12909,22090,1333,1245
148,557,12259,21374,1175,1225
148,591,12209,21185,1295,1247
149,73,3242,15474,1102,1807
149,128,1792,3261,27,740
149,150,2429,3887,837,0
149,202,19611,73437,5193,5048
149,372,12257,27743,1273,1686
149,373,6172,12611,880,1335
149,613,19390,53196,2241,2790
150,73,3564,19337,1134,2676
150,128,4194,7124,0,1550
150,149,2429,3887,0,837
150,286,18401,59571,2245,3543
150,372,10535,31555,1273,2523
150,373,7022,16474,891,2183
150,613,18113,57009,2210,3596
151,81,5138,13193,1020,1306
151,84,13996,35907,2219,2251
151,141,12736,19710,1854,2073
151,144,8506,13071,1500,1273
151,145,12663,19176,1881,1607
151,195,8420,14462,1457,1714
151,232,17515,34342,3167,3037
151,295,17898,41764,2429,2677
151,327,7897,27747,1512,1749
151,452,11820,21324,1547,1848
151,536,3940,8240,74,1346
151,610,17639,42812,2683,4006
151,617,18412,38993,3213,3488
152,159,12923,23132,1123,1724
152,190,17606,27856,2056,2034
152,223,6594,12149,1090,1546
152,249,10540,19774,581,1737
152,300,6608,10815,610,888
152,342,14741,26172,1270,1861
152,578,14152,27798,1372,2364
154,57,17543,,,
154,100,1116,1683,0,371
154,114,13403,29389,991,1821
154,138,19335,58471,2728,3342
154,172,3892,5671,226,1022
154,184,2629,4128,365,427
154,200,15970,43513,2550,2616
154,210,18885,,,
154,307,7943,11051,1022,1278
154,407,16562,,,
154,475,12371,31468,1312,2101
154,528,2303,5751,792,555
156,9,11456,20088,2282,2117
156,51,10449,26372,3128,3285
156,74,17667,41915,3472,4169
156,166,6900,20482,1904,2110
156,208,12860,40324,2820,2764
156,278,17834,40823,3270,3225
156,334,15982,34359,2359,2040
156,348,12220,27513,3104,2080
156,349,18125,,,
156,378,7926,21608,3222,2007
156,381,19005,38358,2546,2343
156,420,4917,7662,1076,594
156,445,17996,36468,3342,3177
156,494,13202,33138,3252,2857
156,511,14003,38554,3587,3683
156,530,11708,27547,2474,2854
156,549,10746,35199,2582,2373
156,672,10451,22776,2107,1986
157,4,17273,53457,3185,3210
157,25,16418,58346,3511,3576
157,182,10242,28804,1629,2043
157,290,18322,29302,2297,1799
157,386,18316,36546,2011,2075
157,391,19931,34147,1780,1937
157,487,18354,38304,1835,1895
157,550,5279,21798,1049,1538
158,383,13542,47178,2504,2197
158,384,14677,53973,3119,2596
159,152,12923,23132,1640,1025
159,190,10942,22561,1983,1942
159,223,19385,35268,2787,3223
159,249,4406,7127,146,678
159,300,6492,16671,1168,822
159,342,1827,3372,67,53
159,356,13638,22714,1918,2255
159,408,11311,18400,1365,1527
159,578,2430,4675,238,606
159,650,8250,12171,666,992
160,140,15989,24678,2416,2163
160,233,15922,65478,3979,4204
160,235,17052,28817,2498,2136
160,298,11676,18850,1838,1555
160,372,19777,36676,2065,2338
160,395,4327,22728,1441,1390
160,497,7430,12612,1307,1228
161,2,8702,,,
161,12,7786,,,
161,14,17109,,,
161,15,12504,,,
161,27,16267,,,
161,31,15024,,,
161,44,17181,,,
161,47,16177,,,
161,69,14148,,,
161,77,1763,,,
161,204,6198,,,
161,206,15538,,,
161,213,8744,,,
161,243,12932,,,
161,312,18750,,,
161,338,6572,,,
161,374,11177,,,
161,446,12078,,,
161,472,19063,,,
161,474,15596,,,
161,498,7356,,,
161,515,6940,,,
161,558,15410,,,
161,603,10145,,,
161,659,12122,,,
161,663,4798,,,
161,665,3561,,,
163,72,18446,42974,3441,3214
163,82,16657,37187,2862,2976
163,87,10082,23442,1526,1614
163,139,19422,,,
163,212,17220,31050,1414,1943
163,287,10895,33249,1539,1830
163,354,11606,23047,1499,1521
163,437,16121,26981,1574,1498
164,17,3904,7725,367,696
164,22,13986,26000,1952,1782
164,48,9527,17057,1428,1534
164,65,6135,10223,916,450
164,350,18835,38587,2435,2952
164,367,16465,31150,2005,2212
164,453,14490,22016,1633,1448
164,592,17185,46409,2040,2901
165,661,9341,,,
166,9,17143,39782,4673,4302
166,51,12842,23405,1663,1614
166,74,12255,28218,2254,2745
166,156,6900,20482,2109,1923
166,208,19727,51964,3997,3735
166,278,13675,32984,3044,2793
166,334,13164,30497,2239,1714
166,348,8158,23651,2827,1597
166,349,18453,,,
166,378,12209,30223,2993,1572
166,381,15845,34496,2404,1995
166,420,11106,27356,3435,2747
166,436,19640,56421,5453,4627
166,494,7008,26321,2726,2135
166,511,8917,28780,2485,2375
166,530,4832,7087,664,838
166,549,17593,46838,3793,3378
166,672,8022,18914,1882,1555
167,33,6837,14194,903,999
167,50,13225,,,
167,78,19222,52232,2806,2705
167,79,11390,26673,1670,1683
167,80,8930,24150,1679,1705
167,191,13879,26499,1898,2078
167,234,10197,19250,1396,1308
167,236,15901,28279,2066,2249
167,241,13413,22145,1516,1718
167,242,11903,22667,1387,1668
167,309,13683,27810,2121,1939
167,444,12095,,,
167,456,19762,31660,1999,2058
167,664,13894,76592,4240,4582
168,49,10545,32316,1696,3053
168,322,4778,15523,488,769
168,519,19998,,,
168,540,12531,20065,1760,1380
168,565,18501,,,
168,670,1636,3520,0,316
169,105,11782,27306,2066,1949
169,110,15903,26011,2573,2163
169,119,12692,19149,1516,1012
169,122,11795,38045,3195,2892
169,123,12424,34084,2847,2751
169,170,9884,14735,1423,836
169,178,13980,47554,4021,3781
169,180,14780,28556,2184,1789
169,203,7714,,,
169,205,11407,53551,3848,3629
169,216,12326,45488,3688,3840
169,257,19765,36121,3035,2235
169,303,11640,26105,1959,1985
170,105,9657,14960,844,1290
170,110,6223,11296,1216,1369
170,119,3032,4434,169,228
170,122,14141,25698,2028,2288
170,123,11968,19369,1559,2026
170,169,9884,14735,872,1435
170,178,18668,35207,2816,3139
170,180,8163,13892,646,814
170,203,16351,45471,3991,4236
170,205,19437,38836,2503,2847
170,216,17358,30773,2135,2850
170,257,11729,21457,1530,1293
170,303,8881,13758,701,1290
170,389,18291,28199,1994,2206
171,115,4331,13615,1603,1606
171,173,11260,15929,1078,1456
171,181,14325,23474,2138,1140
171,231,6483,8437,557,437
171,238,12225,27153,2120,1641
171,271,5281,8062,836,304
171,365,17932,41980,3276,3166
171,366,4868,8761,1007,559
171,369,19856,39297,3272,2679
171,370,15235,28978,2049,1905
171,476,17949,32560,2350,2148
171,495,13150,38505,2612,3449
171,546,17261,28730,1609,1966
171,612,18145,29652,2230,2452
172,57,14069,,,
172,100,4929,7268,996,571
172,114,15431,27244,1321,1355
172,130,18711,,,
172,154,3892,5671,1022,226
172,184,2521,3478,734,0
172,200,17255,44374,2945,2215
172,210,15202,,,
172,307,4055,5435,627,87
172,407,14078,,,
172,475,14616,29323,1574,1567
172,528,4830,7679,1374,362
173,115,15374,26998,2743,2368
173,171,11260,15929,1448,1070
173,181,7055,11261,1439,63
173,230,15335,28256,2771,2025
173,231,6142,8912,1137,658
173,238,8450,15669,1499,635
173,271,11541,21530,1664,754
173,366,13557,20018,2073,1268
173,370,11222,16765,1408,886
173,476,15936,25252,2424,1827
173,612,7802,13784,1225,1069
174,83,15839,27361,854,1475
174,215,10668,19148,1401,1413
174,233,17339,34134,1250,1331
174,265,7976,29742,1320,2051
174,270,19087,31621,2004,1991
174,272,5026,6777,292,522
174,529,4899,6613,279,493
174,562,16556,33601,2091,2482
174,616,5852,10033,251,924
175,1,13273,69268,5052,4788
175,11,13722,38467,2496,3200
175,14,10194,,,
175,19,11412,,,
175,44,13094,69698,4461,4566
175,47,12476,47096,3923,3831
175,69,16774,72158,4445,4907
175,263,14708,36365,2020,2596
175,349,10408,17970,709,2583
175,374,14147,40109,3082,2364
175,446,19777,74079,5264,5316
175,453,18611,36505,2990,2998
175,454,12336,37445,2907,3323
175,498,17557,85807,6261,6029
175,515,19314,86859,5968,6509
175,527,5288,23653,2773,2695
175,579,11594,33910,1794,2516
176,486,16121,24753,1887,1800
176,514,7946,12039,798,905
176,630,13276,32026,2166,2117
177,403,15329,,,
177,430,16983,,,
178,105,10971,20375,1823,1930
178,119,19791,38637,3182,2932
178,122,5095,9664,783,733
178,136,15813,39993,3066,2865
178,169,13980,47554,3680,3920
178,170,18668,35207,3070,2747
178,180,16549,28779,3040,2885
178,203,8807,13189,871,793
178,207,12977,35836,2602,2418
178,266,17599,47607,3490,3343
178,303,11752,21464,1869,2129
179,62,15394,,,
179,72,6259,9031,635,448
179,82,4765,7457,465,608
179,87,10821,21290,1834,1983
179,93,7418,,,
179,98,7418,,,
179,129,10738,17025,1118,1378
179,202,14269,20834,1445,1106
179,287,19107,38374,2874,3183
179,354,9533,29909,2322,2384
179,437,14517,24541,1325,1283
180,105,5607,8462,927,1189
180,110,10194,14860,1189,1193
180,119,6393,10490,695,600
180,122,11460,19271,2184,2276
180,169,14780,28556,1819,2214
180,170,8163,13892,793,625
180,178,16549,28779,2941,3096
180,203,18343,39043,4055,4132
180,257,5222,14374,1260,855
180,301,14112,22050,1790,1792
180,303,4906,7693,754,1185
180,389,13740,24951,2127,2171
181,115,18628,33921,2277,3278
181,171,14325,23474,1030,2028
181,173,7055,11261,33,1421
181,230,10200,18939,1029,1659
181,231,7856,15835,769,1666
181,238,3649,4687,112,624
181,271,16771,30937,1860,2326
181,365,16374,28501,2261,3149
181,366,14197,24662,1409,1980
181,370,4775,5783,0,854
181,476,9598,14270,1023,1802
181,612,12602,23960,1282,2502
182,4,14293,35116,2537,2148
182,25,16125,40005,2975,2626
182,157,10242,28804,2049,1658
182,246,13000,28404,1961,1879
182,550,5243,8333,588,648
183,86,16702,24776,1326,1839
183,95,12955,24246,1391,1600
183,96,16391,25641,1650,1526
183,97,7127,9997,446,790
183,189,13316,27778,1772,2395
183,192,12626,20677,961,919
183,222,4933,10041,515,961
183,438,16702,33899,1881,2903
183,439,16681,33882,1881,2903
183,502,19460,32344,1758,2310
183,667,17630,41084,2581,2536
184,57,15034,,,
184,100,3268,5133,532,841
184,114,15815,30591,1343,2111
184,130,19471,112458,3553,3605
184,154,2629,4128,427,365
184,172,2521,3478,0,734
184,200,14958,41006,2201,2205
184,210,17581,,,
184,307,6237,8858,628,822
184,407,13945,,,
184,475,14842,32669,1548,2275
184,528,2457,4311,691,413
185,268,7294,,,
185,328,12192,,,
185,337,17482,,,
185,489,3867,,,
186,317,9315,14420,910,693
186,577,14432,34749,2707,2517
187,94,11719,,,
187,112,18743,51652,2246,2536
187,117,13998,,,
187,492,19691,95002,4880,5404
187,493,7118,11011,1033,976
187,596,16601,35767,1249,1809
188,132,12441,43010,2870,3375
188,133,18173,47189,3578,3910
188,412,7445,15859,1653,1404
188,545,10333,52594,4218,4193
189,85,17886,40042,2240,2335
189,183,13316,27778,2419,1797
189,192,18986,32006,2357,1686
189,222,9296,26887,1959,1783
189,438,4837,6127,54,454
189,439,4823,6110,54,454
190,58,16175,37186,2771,2640
190,152,17606,27856,2058,2057
190,159,10942,22561,1976,2011
190,249,14713,29345,1933,2484
190,300,12247,23496,1788,1471
190,342,10739,20185,1646,1636
190,356,16663,26891,2167,2523
190,385,17275,36529,2464,2934
190,401,11947,37781,3050,3087
190,408,18796,31438,2727,2908
190,485,11333,46955,3744,3638
190,578,8719,18574,1168,1636
190,605,16644,43304,3559,3255
190,650,16060,25209,1936,2281
191,33,7055,12325,1113,1035
191,78,18050,42021,2622,2325
191,79,8412,13626,987,804
191,80,10862,18291,1733,1544
191,103,13711,22898,1306,1182
191,167,13879,26499,2052,1856
191,217,12400,15849,681,691
191,234,5010,7786,771,487
191,236,13429,18426,1306,1277
191,241,16211,25147,2093,2099
191,242,12772,20090,1502,1587
191,309,10673,15007,1310,932
191,456,6828,11132,822,685
192,95,8234,13695,696,921
192,96,13485,23517,1428,1343
192,97,16314,23918,596,979
192,103,19886,32308,2068,2086
192,183,12626,20677,908,944
192,189,18986,32006,1673,2335
192,222,15849,26165,1351,1836
192,438,19250,38127,1670,2731
192,439,19232,38110,1670,2731
192,502,12388,23574,1447,2038
194,46,16497,34985,3084,2019
194,75,12944,22400,1619,891
194,86,6894,22253,1427,895
194,88,5305,14808,1172,730
194,89,7918,19694,1728,1107
194,90,16768,62963,4252,3587
194,91,16152,37113,3184,2143
194,92,10878,24142,2206,1042
194,97,17498,33023,2672,1940
194,297,13882,32362,2511,1942
194,347,18247,38509,3120,2519
194,393,9867,24190,2002,1232
194,654,10468,18805,2094,584
194,655,9121,14981,1233,512
194,667,18755,71582,5506,4380
195,81,11356,18821,1682,1687
195,141,5835,8771,672,631
195,144,3827,5601,583,96
195,145,4500,5899,582,30
195,151,8420,14462,1690,1430
195,232,14241,29292,2314,1924
195,327,11463,20206,1226,1203
195,452,17949,30199,2024,2054
195,536,6158,10745,174,1187
195,617,13998,24574,1796,1811
196,255,15464,32347,1452,1830
196,304,19649,,,
196,326,18147,,,
196,350,13860,,,
196,367,10074,,,
196,417,14402,,,
196,574,7015,10741,942,891
196,575,17470,41346,1976,2489
197,8,8529,12984,874,1330
197,15,19286,71109,5081,4122
197,20,8921,13643,1093,811
197,23,16516,69580,4215,4202
197,66,18970,66576,5460,5373
197,264,13682,18488,1386,1449
197,312,19268,75504,4758,4577
197,351,14538,30676,1660,1870
197,399,5610,6819,113,455
197,404,10369,20815,1301,1083
197,419,13146,18773,1391,1720
197,472,13028,64302,3806,4019
197,478,17380,30851,1756,2168
197,482,19607,29686,1368,2410
197,516,10305,19711,1079,1291
197,558,18376,73873,4399,4337
197,614,14556,34933,2071,1694
198,8,19610,52773,4643,4511
198,419,17563,58810,5347,5088
198,435,13023,,,
198,478,10366,22773,2181,2005
198,479,13877,,,
198,480,13332,,,
198,481,8487,,,
198,483,4272,6577,737,461
198,484,8092,17557,1512,1741
198,510,7187,14003,1430,1463
198,516,15455,33639,3480,3092
198,518,17246,,,
198,519,17895,,,
198,543,8840,23761,1825,2127
200,100,15317,44056,2474,2768
200,154,15970,43513,2594,2533
200,172,17255,44374,2191,2910
200,184,14958,41006,2099,2093
200,307,19567,49754,2796,2975
200,324,7758,11616,256,646
200,407,15740,78229,2563,2707
200,528,13672,40779,2396,2105
200,610,17566,27651,983,1978
201,148,15259,23921,1926,2013
201,323,4348,7551,518,283
201,331,4301,7636,600,324
201,415,14916,,,
201,437,17880,,,
202,82,18521,28222,1545,2025
202,87,18327,28861,1898,2384
202,93,13016,,,
202,98,13016,,,
202,128,17874,70238,4265,5116
202,129,5679,9602,571,1153
202,149,19611,73437,4991,5134
202,179,14269,20834,1110,1447
202,283,19825,,,
202,373,19521,66898,4083,4690
203,105,13413,30639,2889,3066
203,119,18639,48901,4140,3960
203,122,9752,19928,1864,1884
203,123,19852,53390,3268,3472
203,136,17932,46610,2763,2632
203,169,7714,,,
203,170,16351,45471,4195,3928
203,178,8807,13189,746,816
203,180,18343,39043,4066,3981
203,205,14001,44235,2775,2887
203,207,15097,42454,2162,2048
203,216,17633,49941,3025,3482
203,266,17521,52209,3160,3083
203,303,13778,31728,3034,3364
204,2,4818,16640,1399,1664
204,12,9698,,,
204,15,8415,,,
204,23,14063,69052,4785,5006
204,27,10150,35192,3085,3410
204,31,9776,26111,2244,2225
204,47,19896,,,
204,66,19434,63393,5147,5294
204,77,7722,,,
204,161,6198,,,
204,206,11389,20553,931,1977
204,213,6773,,,
204,243,18015,44280,3186,3813
204,312,12559,67299,4948,5001
204,338,6426,18660,502,1989
204,374,15895,,,
204,446,18086,50468,3906,3994
204,472,15087,90422,6058,6505
204,474,14831,,,
204,498,13302,60907,5211,5015
204,515,13138,61959,4424,5001
204,558,9527,,,
204,603,5046,,,
204,659,12816,23508,1720,1646
204,663,3594,5265,65,875
204,665,9735,22509,1953,1899
205,62,19917,34254,2243,1765
205,123,13351,19990,1103,1224
205,169,11407,53551,3650,3851
205,170,19437,38836,2837,2496
205,203,14001,44235,2853,2744
205,216,6098,12340,668,1016
205,415,9540,13789,738,681
206,2,6951,11357,1297,518
206,15,17371,64261,4997,3228
206,23,15116,48994,3873,3050
206,27,8654,15414,2121,1402
206,28,18132,39673,3596,2636
206,29,15890,35079,2292,2014
206,31,3661,6332,1209,146
206,40,9455,23397,1469,1549
206,66,16492,43335,4214,3317
206,77,17296,,,
206,161,15538,,,
206,204,11389,20553,1937,893
206,213,17730,,,
206,214,16028,34893,2439,2075
206,312,12379,47241,4037,3046
206,338,9730,14237,621,1064
206,558,13828,58067,4113,3241
206,603,13952,64172,4381,3166
206,659,10653,14437,1263,145
206,663,10753,15320,646,805
206,665,18149,26872,2361,1263
207,122,18018,38995,2806,2938
207,132,16067,24267,1620,1929
207,133,16816,28446,2280,2416
207,136,2952,4699,486,487
207,178,12977,35836,2474,2669
207,203,15097,42454,2040,2165
207,266,5383,12280,1050,1098
207,292,15416,27877,2157,1999
208,9,7702,28632,2024,1915
208,51,15065,48314,4069,4282
208,156,12860,40324,2796,2872
208,166,19727,51964,3729,3991
208,340,17932,42047,2843,2878
208,378,11560,43550,4162,3003
208,420,9177,41071,3579,3153
208,445,7265,15038,1099,990
208,549,3903,5919,828,675
210,57,12727,56659,2272,2373
210,100,19992,,,
210,104,12239,17505,1346,987
210,130,16036,64131,2723,2575
210,154,18885,,,
210,172,15202,,,
210,184,17581,,,
210,218,19769,28399,1675,1677
210,307,11393,,,
210,407,18322,64957,2770,2728
210,507,13082,19409,1410,1227
210,557,14578,21259,1403,1344
210,591,13706,19956,1355,1183
211,61,3842,7725,706,773
211,112,5667,9008,752,943
211,113,18656,26757,1400,1326
211,336,11228,33368,1948,2086
211,383,15276,66491,4498,4697
211,384,12672,70078,4873,4856
211,416,17787,46490,2880,3706
211,509,19512,40079,3026,2960
211,596,11327,22184,1279,1770
212,139,12651,,,
212,163,17220,31050,1885,1356
213,2,11562,,,
213,12,5265,,,
213,15,4497,,,
213,23,14744,,,
213,27,13763,,,
213,31,15394,,,
213,47,15244,,,
213,77,9084,,,
213,161,8744,,,
213,204,6773,,,
213,206,17730,,,
213,312,14480,,,
213,338,12668,,,
213,374,12897,,,
213,446,19988,,,
213,454,19896,,,
213,472,10472,,,
213,474,8058,,,
213,498,12992,,,
213,515,14161,,,
213,558,9818,,,
213,603,4706,,,
213,659,19140,,,
213,663,9661,,,
213,665,11634,,,
214,23,13010,23095,2174,1715
214,27,12767,32783,2335,1980
214,28,2889,5735,1084,488
214,29,5248,,,
214,31,14322,33475,2643,1944
214,37,16916,46338,4162,4219
214,40,11303,26974,1393,1837
214,41,18943,48873,4545,4143
214,55,7467,12876,1839,1298
214,66,7100,13221,1884,1351
214,206,16028,34893,2043,2431
214,227,15688,24829,2518,2310
214,228,10050,20413,2538,1975
214,244,16967,35985,3544,3482
214,259,10662,17585,1970,1729
214,269,14383,20485,1995,1740
214,305,5108,7321,1514,656
214,312,11998,21342,2178,1551
214,351,14300,28875,3035,2799
214,404,19665,39525,3940,3242
214,558,16891,32168,2573,2065
214,559,13560,22022,2518,2050
214,614,12404,29903,3298,2475
215,174,10668,19148,1361,1349
215,233,13978,27880,1624,1693
215,265,8712,16290,882,1599
215,270,9149,12495,821,796
215,272,10702,16574,1112,1345
215,395,19632,35949,2688,2457
215,529,10531,16416,1105,1307
215,562,8273,14475,685,1064
215,616,7910,11658,394,1021
216,62,13824,25827,1902,1076
216,72,19834,,,
216,123,8168,11563,846,619
216,169,12326,45488,3763,3616
216,170,17358,30773,2818,2129
216,203,17633,49941,3435,2978
216,205,6098,12340,1005,639
216,415,11145,19175,1711,1285
216,437,19115,,,
217,33,19314,28139,1779,1691
217,79,16997,28363,1841,1648
217,95,14871,20024,1582,1659
217,96,11730,16836,1278,1002
217,103,5985,7330,618,484
217,191,12400,15849,672,677
217,234,15976,23600,1455,1161
217,236,18572,32794,2148,2109
217,309,17294,29376,2139,1751
217,456,10037,15156,1243,1104
217,502,8544,10188,497,942
217,667,19817,27784,1717,1563
218,104,7993,11290,847,476
218,139,15840,29220,1905,1896
218,148,11096,20672,1185,1072
218,210,19769,28399,1754,1735
218,507,6735,9082,557,353
218,557,5217,7924,418,325
218,591,6204,8709,546,377
219,106,14130,28092,1871,2452
219,108,11398,18569,961,1627
219,111,8148,15083,815,1280
219,260,7145,10151,601,629
219,261,3151,3875,554,0
219,262,6419,8921,540,1087
219,491,3151,7010,600,589
221,16,4587,6034,158,204
221,42,10487,16283,961,1135
221,135,5229,7223,181,151
221,291,12843,29880,1759,2141
221,332,8746,12487,859,522
221,371,12391,24982,2297,2162
221,500,11808,20394,1335,1770
221,582,13446,22038,2391,2479
221,583,10901,17649,2057,1880
221,584,4184,7854,728,736
222,86,16937,27151,1746,1813
222,90,19425,31857,1526,1496
222,95,17678,33815,1791,1531
222,97,10933,20013,1415,1313
222,183,4933,10041,955,527
222,189,9296,26887,1842,2019
222,192,15849,26165,1920,1425
222,438,13448,33008,1794,2370
222,439,13429,32991,1794,2370
223,152,6594,12149,1549,1074
223,159,19385,35268,3224,2746
223,249,16491,31910,2682,2759
223,300,13191,20558,2115,1338
226,10,5025,12061,969,1154
226,35,15615,,,
226,43,19526,,,
226,53,9992,20403,1605,1474
226,74,16691,,,
226,278,15799,,,
226,308,11951,,,
226,334,18265,,,
226,379,9212,,,
226,381,15370,,,
226,400,17055,,,
226,413,12211,25298,1622,1899
226,436,10274,,,
226,473,12037,19306,1139,1602
226,548,12443,,,
226,668,10544,16619,776,1433
227,21,9936,25158,2088,1697
227,26,11984,25359,1940,1728
227,28,13376,26837,2707,2331
227,29,18463,53741,4045,4351
227,34,15993,33324,2506,2047
227,55,8564,16225,1325,1027
227,66,16737,34323,3544,3231
227,214,15688,24829,2281,2501
227,228,7996,13892,1331,988
227,244,14087,35988,3150,3308
227,250,12422,31460,2394,3119
227,259,5143,7260,462,446
227,269,8142,17908,1483,1438
227,274,13862,29263,2459,2675
227,305,10879,21166,2109,1471
227,318,12102,28474,1952,2085
227,351,11577,18553,1641,1625
227,398,13657,25984,2145,2183
227,404,15513,29203,2584,2106
227,531,19010,40102,3259,3844
227,559,2154,2809,200,0
227,614,12988,19581,1945,1342
227,653,19001,40533,3186,3712
228,20,19946,55043,3870,3705
228,21,16108,33333,2228,2180
228,23,14852,43391,4006,4110
228,26,17872,33534,2049,2180
228,27,18553,52843,4009,4217
228,28,7195,19978,1955,1922
228,29,14477,58435,4314,4963
228,34,19890,41499,2519,2403
228,55,3275,7561,576,621
228,66,8909,27464,2832,2862
228,214,10050,20413,1967,2530
228,227,7996,13892,956,1316
228,244,17673,40682,3564,4065
228,250,19736,42490,3288,4356
228,259,5557,11955,994,1321
228,269,12288,25183,2035,2343
228,274,19445,40293,3391,3950
228,305,7160,13122,1270,975
228,312,15763,41638,4088,4024
228,318,16328,36649,1957,2433
228,351,5810,12239,1020,1347
228,399,16770,36098,2480,2928
228,404,11307,22889,1954,1819
228,558,19829,52463,4294,4349
228,559,6115,12961,1189,1284
228,614,5795,13268,1263,1003
229,13,9078,23063,2385,2616
229,39,12774,37686,3044,3676
229,388,16399,60857,4150,4391
229,397,8558,23379,2156,2939
229,405,11912,28119,1428,2161
229,615,13451,26768,1571,2052
230,173,15335,28256,1965,2723
230,181,10200,18939,1702,1072
230,231,18021,32830,2795,3062
230,238,13084,22296,1496,1385
230,370,11504,17212,1170,1394
230,476,13979,21895,1776,1925
230,612,16293,40955,3240,3830
231,115,10806,18117,1587,1710
231,171,6483,8437,427,547
231,173,6142,8912,678,1190
231,181,7856,15835,1693,815
231,230,18021,32830,3020,2772
231,238,6242,18747,1609,1250
231,271,9405,15900,1215,803
231,365,16022,33574,2781,2791
231,366,7514,11204,918,611
231,370,9480,20968,1792,1768
231,476,13177,24154,1870,1788
231,495,16290,40934,2448,3405
231,612,13905,22634,1949,2291
232,81,15406,31975,1974,2369
232,141,9470,24709,1222,1572
232,144,10716,23786,1616,1534
232,145,12456,29326,1930,1786
232,151,17515,34342,3107,3237
232,195,14241,29292,1894,2265
232,452,17548,31294,2000,2420
232,536,18394,36586,2085,3464
232,610,19618,54727,3530,4983
233,83,16039,60852,2052,2585
233,160,15922,65478,4256,4024
233,174,17339,34134,1392,1304
233,215,13978,27880,1720,1644
233,272,12868,29852,1418,1560
233,372,12274,36103,1321,1362
233,395,11648,42755,2530,2223
233,529,12902,30078,1405,1531
233,616,11551,24869,365,949
234,33,4350,5077,357,563
234,79,4078,7483,274,375
234,80,5886,10626,937,1032
234,103,15549,25078,1260,1443
234,167,10197,19250,1297,1385
234,191,5010,7786,511,779
234,217,15976,23600,1188,1482
234,236,9832,15459,1107,1378
234,241,11517,20963,1521,1811
234,242,8144,14919,1232,1601
234,309,6890,10846,735,641
234,456,11836,18737,1317,1464
235,63,11228,,,
235,140,3964,6441,274,342
235,160,17052,28817,2238,2600
235,298,5810,10001,646,717
235,377,16441,76332,4322,4072
235,395,19945,51516,3564,3875
235,497,9692,16643,1142,1445
236,33,13308,20475,1756,1691
236,46,17067,24637,1791,1721
236,79,5835,8887,1041,871
236,80,6978,10722,1195,1038
236,91,16023,23225,1346,1318
236,103,14779,27792,1606,1518
236,167,15901,28279,2217,2034
236,191,13429,18426,1315,1328
236,217,18572,32794,2098,2121
236,234,9832,15459,1394,1128
236,241,5598,10694,1146,1165
236,242,4226,5637,605,703
236,297,18673,28000,1521,1961
236,309,2943,4721,730,365
236,347,14651,21126,1348,1761
236,456,19460,29493,2086,1962
236,667,17050,46735,3292,3161
238,115,16353,30380,2218,2700
238,171,12225,27153,1668,2147
238,173,8450,15669,612,1481
238,181,3649,4687,631,112
238,230,13084,22296,1500,1611
238,231,6242,18747,1283,1642
238,271,15647,34616,2511,2458
238,365,13077,25567,1508,1877
238,366,11147,20210,1389,1441
238,370,3265,5103,65,400
238,476,7566,13590,1040,1300
238,495,18170,48117,2693,4009
238,612,15330,28369,1884,2585
239,127,8013,15884,1252,1583
239,275,14627,26480,2380,2406
239,283,10392,17984,1694,1987
239,546,19353,39697,3591,3953
239,648,19500,34646,3324,3436
241,33,13443,25877,2580,2496
241,46,18571,31311,2415,2326
241,79,7820,14391,1475,1286
241,80,6048,12348,930,754
241,91,18690,30559,2210,2145
241,167,13413,22145,1692,1490
241,191,16211,25147,2089,2083
241,234,11517,20963,1826,1541
241,236,5598,10694,1139,1120
241,242,3442,7485,795,874
241,309,6399,10225,1191,807
241,347,16509,27801,1961,2355
241,444,17659,64311,3975,3575
241,664,16781,63089,3584,3724
242,33,10516,18729,1812,1649
242,79,4378,7704,890,609
242,80,3250,5111,652,397
242,91,19729,28743,2105,1961
242,103,17789,29456,1957,1771
242,167,11903,22667,1644,1363
242,191,12772,20090,1642,1557
242,234,8144,14919,1570,1203
242,236,4226,5637,703,605
242,241,3442,7485,891,812
242,309,3438,5168,726,263
242,347,17982,26645,1998,2313
242,444,18588,67314,3936,3457
242,456,19430,31158,2442,2220
242,664,18275,66092,3578,3639
243,1,14149,22221,2582,1748
243,2,17390,36481,2926,2585
243,11,19655,46678,3288,3422
243,12,19249,,,
243,14,15000,25723,2261,1321
243,19,17874,31805,3202,2617
243,24,18468,35256,2101,2241
243,44,12592,18255,1722,1257
243,69,8482,13675,1226,1118
243,77,12627,,,
243,161,12932,,,
243,204,18015,44280,3691,3085
243,338,13180,31607,2174,3055
243,374,17385,77387,5612,4324
243,446,5403,10264,1049,531
243,498,11793,21825,2251,1449
243,515,9166,22877,1529,1500
243,659,11773,21182,2162,1482
243,663,14737,39047,2384,2987
243,665,10166,37803,3417,2757
244,28,16936,37993,3943,3409
244,29,15331,27848,1572,1720
244,37,8820,18700,1413,1532
244,41,6285,21236,1838,1498
244,45,18739,31962,3143,3056
244,55,15208,37877,3784,3305
244,214,16967,35985,3498,3560
244,227,14087,35988,3317,3171
244,228,17673,40682,4170,3669
244,250,10626,16351,1365,1932
244,259,12271,28744,2877,2698
244,269,5983,20418,2398,2205
244,274,4997,7410,811,871
244,305,13090,32321,3398,2602
244,376,11166,32881,2235,2635
244,398,18444,38273,3733,3613
244,531,8834,12825,817,1233
244,559,13787,33180,3460,3054
244,653,8560,12372,805,1133
246,182,13000,28404,1983,2065
246,550,18104,36667,2516,2658
246,630,17431,36023,1969,2163
248,343,5983,8523,542,751
248,556,13178,31596,2008,2398
249,152,10540,19774,1681,534
249,159,4406,7127,724,169
249,190,14713,29345,2490,1917
249,223,16491,31910,2848,2752
249,300,5597,13313,1209,331
249,319,18372,27995,2361,2027
249,342,5890,9244,803,238
249,356,16911,27618,1894,1680
249,408,12928,22004,1529,1159
249,544,19433,41448,2790,3025
249,578,6779,11794,962,798
249,650,10240,15775,859,653
250,5,18817,46297,3709,3379
250,21,14919,41177,3785,2668
250,26,16450,41378,3653,2715
250,37,19327,34536,3241,2792
250,41,16111,37071,3624,2716
250,45,8931,17294,1699,1044
250,55,18867,39684,4010,2963
250,227,12422,31460,3116,2390
250,228,19736,42490,4396,3327
250,244,10626,16351,1970,1402
250,259,14688,30551,3167,2420
250,269,9571,17389,2031,1260
250,274,6112,9325,1098,588
250,305,18923,34129,3684,2320
250,318,19270,47879,3721,3125
250,376,18089,37029,2052,1873
250,388,13941,24254,2260,1381
250,398,8267,23606,2405,1717
250,531,8619,17134,1401,1260
250,559,13755,33929,3275,2349
250,653,8813,17564,1434,1234
255,196,15464,32347,1848,1460
255,304,15335,,,
255,326,9191,,,
255,350,16248,,,
255,417,12383,,,
257,105,10513,22794,1842,2509
257,110,10888,19317,1394,1803
257,119,9004,17977,1045,1349
257,122,16149,28590,2158,2655
257,169,19765,36121,2260,3060
257,170,11729,21457,1320,1557
257,180,5222,14374,862,1267
257,301,11059,18862,1537,1944
257,303,9938,22025,1705,2541
257,389,8649,13597,1176,1625
259,21,15039,30608,2031,1656
259,23,19438,40563,3795,3572
259,26,17065,30809,1852,1656
259,28,8588,19593,2181,1821
259,29,13346,46497,3477,3799
259,37,17724,39096,3236,3529
259,41,17416,41632,3603,3437
259,55,4203,10315,940,635
259,66,12875,27079,3037,2740
259,214,10662,17585,1731,1967
259,227,5143,7260,430,458
259,228,5557,11955,1314,987
259,244,12271,28744,2706,2880
259,250,14688,30551,2396,3137
259,269,6732,13244,1088,1069
259,274,13899,28354,2495,2727
259,305,5746,13922,1583,961
259,312,19809,38810,3820,3429
259,318,16773,33924,1932,2081
259,351,11048,18189,1739,1739
259,398,18010,32905,2619,2673
259,404,16192,28839,2707,2245
259,531,19260,39067,3114,3704
259,559,3174,4452,532,300
259,614,11353,19217,2076,1489
259,653,19149,38614,3085,3587
260,108,17844,27903,1611,2226
260,111,12871,20045,1385,1799
260,219,7145,10151,653,608
260,261,5897,8011,711,106
260,262,4920,7053,422,918
260,402,18161,31997,2107,2570
260,410,19378,33351,1192,1688
260,491,8788,16901,1500,1442
260,504,14162,28469,1883,2483
260,577,18647,32962,2009,2140
261,106,16820,31892,1915,3040
261,108,11989,22287,1142,2352
261,111,7119,18802,901,1910
261,219,3151,3875,0,532
261,260,5897,8011,80,652
261,262,3407,6780,26,1117
261,491,2994,10729,536,1069
261,504,19813,36416,1871,3066
262,108,14492,22166,1262,1384
262,111,8711,14308,1021,942
262,219,6419,8921,1095,557
262,260,4920,7053,925,409
262,261,3407,6780,1136,38
262,491,6055,11163,1127,576
262,504,17455,35458,2688,2795
262,577,17728,39951,2773,2411
263,1,10855,39013,2918,2068
263,11,4690,9479,800,918
263,14,14094,58602,4719,3763
263,19,7499,,,
263,44,13587,39443,2641,2160
263,48,17429,25279,1712,1441
263,65,16390,23161,1861,1017
263,69,17235,41902,2700,2576
263,175,14708,36365,2614,2028
263,304,18989,37674,2569,3383
263,330,6141,12724,1050,1228
263,350,19151,39932,3190,3329
263,453,8823,11348,863,292
263,527,19961,56423,4373,3709
263,579,3193,8019,0,237
264,8,18515,26279,2240,2633
264,15,19133,89597,6503,5481
264,197,13682,18488,1497,1434
264,399,19146,25307,1801,2080
264,472,13280,,,
264,474,14686,,,
264,478,15210,38092,3153,3502
264,484,17802,44152,3312,4060
264,516,15088,26951,2362,2511
264,543,17641,49902,3772,4599
265,174,7976,29742,1987,1261
265,215,8712,16290,1576,862
265,270,13827,21264,1987,1248
265,272,11857,27168,1771,1290
265,529,11672,27011,1754,1242
265,562,10236,18028,1230,895
265,616,10694,22313,1006,919
266,116,16369,30324,1107,1632
266,132,18750,31972,2374,2635
266,133,17792,36151,2998,3086
266,136,4376,7634,581,527
266,178,17599,47607,3372,3519
266,203,17521,52209,3033,3110
266,207,5383,12280,1098,1050
266,292,14010,26026,2052,1846
267,109,15582,,,
267,328,10275,,,
267,396,4929,,,
267,561,17492,,,
268,185,7294,,,
268,310,15036,,,
268,328,19359,,,
268,337,12096,,,
268,489,3439,,,
269,21,16613,35580,2477,2121
269,26,18659,35780,2298,2121
269,28,13401,22493,2131,1790
269,29,14703,38171,2936,3270
269,37,13443,30771,2684,2996
269,41,11939,33307,3007,2860
269,45,18502,34074,3005,3111
269,55,10371,22377,1892,1606
269,66,18693,29979,3022,2744
269,214,14383,20485,1701,1956
269,227,8142,17908,1374,1409
269,228,12288,25183,2375,2067
269,244,5983,20418,2181,2374
269,250,9571,17389,1263,2023
269,259,6732,13244,1060,1074
269,274,7251,15192,1424,1675
269,305,9532,16822,1586,983
269,318,19744,42281,2283,2448
269,351,17690,31417,2790,2809
269,376,17137,44952,3431,4024
269,398,15524,29969,1983,2056
269,531,12583,26032,2109,2729
269,559,7828,17680,1593,1380
269,614,18083,32445,3111,2543
269,653,12453,26462,2144,2705
270,174,19087,31621,2017,2042
270,215,9149,12495,771,790
270,265,13827,21264,1213,1967
270,272,19839,29047,1876,2146
270,529,19665,28889,1811,2050
270,562,4205,8199,376,827
270,616,17059,24131,1143,1807
271,115,6156,20677,1875,2410
271,171,5281,8062,301,833
271,173,11541,21530,855,1765
271,181,16771,30937,2313,1847
271,231,9405,15900,825,1237
271,238,15647,34616,2415,2468
271,366,10130,15823,1319,1403
271,370,18880,36441,2426,2814
271,495,17817,45567,2871,4240
271,546,13490,27337,1670,2559
271,612,16601,28132,1775,2529
272,83,12039,33495,1339,1730
272,174,5026,6777,507,277
272,215,10702,16574,1302,1084
272,233,12868,29852,1619,1470
272,265,11857,27168,1278,1779
272,270,19839,29047,2123,1880
272,529,193,379,0,0
272,562,18278,31027,2004,2165
272,616,2924,7447,278,721
274,5,17465,53596,4366,4546
274,21,19517,40908,3443,2836
274,29,19966,35185,2608,2691
274,37,13336,25594,2213,2274
274,41,10003,28130,2541,2143
274,45,13755,24593,2309,2164
274,55,17620,37487,3580,3043
274,227,13862,29263,2675,2459
274,228,19445,40293,3966,3407
274,244,4997,7410,886,828
274,250,6112,9325,588,1097
274,259,13899,28354,2756,2519
274,269,7251,15192,1686,1425
274,305,16427,31932,3291,2437
274,376,12499,39148,2686,3017
274,388,18544,31552,2868,2499
274,398,14327,30904,2942,2764
274,531,5364,10916,773,1142
274,559,14330,31733,2864,2448
274,653,5272,11346,828,1138
275,143,8277,27214,2343,2192
275,239,14627,26480,2363,2352
275,283,9823,19687,1414,1657
275,320,8620,37615,3082,2992
275,369,11544,17452,1680,1057
275,495,18229,32093,2006,2822
275,570,10299,20304,2106,1218
275,648,6662,17024,1360,1446
276,78,8432,10624,788,614
277,43,14255,,,
277,76,9022,31739,2764,3302
277,279,5914,18038,1652,1523
277,281,5929,20087,1926,1498
277,288,3725,17622,1479,1614
277,382,3088,15693,1454,1498
277,400,15977,,,
278,6,16903,27994,2547,2572
278,10,18968,,,
278,35,8806,22171,2647,2262
278,51,13659,25136,2159,2343
278,74,3933,7896,266,990
278,156,17834,40823,3256,3303
278,166,13675,32984,2829,3062
278,226,15799,,,
278,308,6696,21026,1707,1863
278,334,3604,6669,985,678
278,348,5712,21200,2284,1110
278,378,16474,31954,3565,2377
278,381,3287,,,
278,420,18987,43843,4973,4518
278,436,5980,,,
278,494,8090,13561,1408,1050
278,511,4992,11476,839,962
278,530,11704,25964,1954,2361
278,548,8342,23174,1721,2082
278,672,7551,23917,2394,2300
279,43,16981,,,
279,76,4477,15103,1337,2004
279,277,5914,18038,1504,1631
279,281,1506,2066,299,0
279,288,2689,10712,1104,1368
279,382,2885,8784,1104,1277
279,400,17998,,,
279,566,18783,41365,2549,3318
280,22,13586,41784,3267,3368
280,67,6422,12422,740,1400
280,68,18934,44672,2629,3567
280,333,5263,8940,579,744
280,566,7409,11593,609,1131
280,569,5834,14842,1355,1755
280,573,13813,36982,1849,2413
280,592,8404,11458,88,1216
281,43,18104,,,
281,76,3389,17152,1380,2358
281,277,5929,20087,1497,1935
281,279,1506,2066,0,311
281,288,2235,12761,1104,1679
281,382,3294,10833,1095,1579
281,400,19239,,,
281,566,19285,43414,2569,3649
283,93,19537,,,
283,98,19537,,,
283,127,17008,31549,2344,2382
283,129,17555,,,
283,143,16948,46818,4099,3681
283,202,19825,,,
283,239,10392,17984,1963,1685
283,275,9823,19687,1713,1446
283,320,13488,57218,4830,4473
283,648,16463,36628,3139,2958
284,623,11578,17950,1180,902
284,624,11252,19683,1474,987
286,73,17611,43231,1832,2070
286,83,12522,18199,1013,1459
286,150,18401,59571,3534,2236
286,373,17791,44407,2209,2203
286,613,4890,5784,283,371
287,82,18238,30935,2435,2280
287,87,9209,17189,1158,998
287,163,10895,33249,1829,1560
287,179,19107,38374,3110,2801
287,354,15389,25679,1695,1448
288,43,16740,,,
288,76,5335,24413,2563,2966
288,277,3725,17622,1577,1440
288,279,2689,10712,1346,1082
288,281,2235,12761,1645,1082
288,382,1708,1997,91,0
288,400,18100,,,
290,4,18628,67218,3995,4518
290,25,14430,72107,4389,4952
290,157,18322,29302,1709,2230
290,341,15991,28294,798,1941
290,386,14761,23763,916,1478
290,391,8333,16095,681,1336
290,487,10925,20252,771,1329
291,16,16813,33323,2008,1672
291,34,18412,24935,1372,635
291,36,14887,,,
291,42,6656,31334,1765,1557
291,135,12417,26674,1744,1330
291,221,12843,29880,2178,1796
291,332,15853,32676,2560,1841
291,371,14027,45426,3565,3048
291,482,19833,87746,4370,4892
291,500,4435,9509,404,457
291,580,18114,60857,4650,4401
291,582,9069,37115,2478,2184
291,583,7422,32726,2128,1569
291,584,9707,28298,1971,1597
291,594,15122,54415,3773,3580
292,58,6988,9598,1010,770
292,132,12555,28034,1854,2366
292,133,7539,21026,1732,2036
292,136,12526,24216,1494,1669
292,207,15416,27877,1994,2186
292,266,14010,26026,1834,2063
292,385,10553,19735,1695,2040
292,401,10581,13916,1168,1074
292,485,13421,23091,1839,1608
292,545,16898,30205,2483,2421
292,605,6426,9494,1101,672
294,108,15228,34295,1701,1700
294,111,17172,27808,1596,1443
294,617,13370,33041,1631,1534
295,81,18440,33783,2125,2163
295,84,4010,5897,409,174
295,151,17898,41764,2665,2417
295,327,17108,65637,3642,3631
295,452,18777,30389,1874,1915
295,666,12245,55120,2921,2846
297,46,3100,4313,604,110
297,75,11550,13881,720,567
297,86,17310,35339,2794,2833
297,88,8583,17594,1071,1200
297,89,6304,12695,811,784
297,91,3012,4851,663,193
297,92,8460,10600,945,371
297,97,18476,46109,3976,3815
297,194,13882,32362,1940,2520
297,236,18673,28000,2026,1593
297,347,4365,7837,692,662
297,393,6739,10100,666,467
297,654,11304,15897,1529,590
297,655,11894,19712,1575,1430
297,667,11036,,,
298,63,16237,90354,5806,5808
298,140,4433,6900,565,554
298,160,11676,18850,1574,1857
298,235,5810,10001,746,667
298,395,14219,41548,3080,3312
298,497,4275,6675,569,793
300,152,6608,10815,933,646
300,159,6492,16671,884,1189
300,190,12247,23496,1458,1744
300,223,13191,20558,1397,2161
300,249,5597,13313,342,1202
300,342,8264,19711,998,1293
300,408,17541,32684,1792,2282
300,578,7544,21337,1060,1756
300,650,14562,26455,1050,1704
301,105,16652,30470,2641,2901
301,119,19748,32526,2478,2381
301,180,14112,22050,1740,1738
301,257,11059,18862,1900,1493
301,303,16628,29702,2546,2975
301,389,12909,22829,1736,1778
303,105,861,1216,143,0
303,110,13292,22168,1818,1401
303,119,8778,17189,1270,754
303,122,6661,11955,1452,1123
303,123,19906,33107,2944,2822
303,169,11640,26105,1975,1949
303,170,8881,13758,1290,677
303,178,11752,21464,2222,1956
303,180,4906,7693,1188,767
303,203,13778,31728,3424,3080
303,257,9938,22025,2516,1690
303,301,16628,29702,2989,2570
303,389,18566,32602,3336,2959
304,11,19396,41847,3621,2925
304,196,19649,,,
304,255,15335,,,
304,263,18989,37674,3371,2566
304,326,6616,20420,1056,1055
304,330,12945,25711,2133,1497
304,350,7564,17046,1074,399
304,417,5259,12033,774,104
305,23,16269,30298,2705,3104
305,27,17399,39750,2732,3235
305,28,3925,6886,685,947
305,29,7805,45623,2773,3717
305,31,19382,40442,3147,3306
305,37,15451,42674,3087,4002
305,40,15625,33941,1812,3114
305,41,16451,45210,3391,3847
305,55,3893,5585,399,739
305,66,9574,14371,1567,1905
305,214,5108,7321,656,1514
305,227,10879,21166,1414,2064
305,228,7160,13122,1005,1300
305,244,13090,32321,2546,3342
305,250,18923,34129,2212,3575
305,259,5746,13922,925,1542
305,269,9532,16822,955,1558
305,274,16427,31932,2311,3165
305,312,15937,28545,2647,2878
305,351,12675,21584,1560,2182
305,404,18268,32234,2457,2617
305,559,8828,18358,1452,1842
305,614,11672,22612,1808,1843
306,94,10665,26269,1813,2020
306,117,8248,21531,1346,1532
306,355,6715,21904,1595,1810
306,492,3074,4814,270,848
307,57,10951,,,
307,100,8983,12648,1207,1315
307,114,18008,30021,1345,1912
307,130,15717,,,
307,154,7943,11051,1207,944
307,172,4055,5435,35,568
307,184,6237,8858,740,539
307,200,19567,49754,2946,2749
307,210,11393,,,
307,407,12561,,,
307,475,17400,32100,1534,2060
307,528,8689,13059,1390,911
308,6,15191,22278,1398,1283
308,10,16336,,,
308,35,4312,10230,1087,562
308,51,16470,22771,1380,1424
308,74,10046,28846,2175,2759
308,226,11951,,,
308,278,6696,21026,1932,1774
308,334,7285,14562,1270,838
308,348,11904,29931,2717,1580
308,378,19971,29589,2795,1467
308,381,4294,6814,700,384
308,436,2968,,,
308,494,14785,34511,3364,2866
308,511,11666,32426,2847,2830
308,530,18399,41661,2578,2845
308,548,1895,3735,41,262
308,668,19896,,,
308,672,12869,25194,1887,1653
309,33,10452,15862,1027,1327
309,46,19984,29238,2152,2447
309,79,2918,4274,313,508
309,80,4888,8990,659,848
309,91,18791,27827,1690,2027
309,103,14362,24373,1222,1499
309,167,13683,27810,1913,2095
309,191,10673,15007,933,1311
309,217,17294,29376,1763,2151
309,234,6890,10846,696,795
309,236,2943,4721,372,737
309,241,6399,10225,840,1224
309,242,3438,5168,266,729
309,347,17549,25728,1683,2461
309,456,16963,26075,1678,1919
309,667,18987,43317,2912,3146
310,268,15036,,,
310,337,6911,,,
310,489,18100,,,
312,2,12618,58104,4145,4357
312,12,19643,,,
312,15,11062,28410,2082,1304
312,23,2756,13143,985,1153
312,27,3819,,,
312,28,12012,24333,2152,2183
312,29,15834,51004,3092,3798
312,31,8773,45823,3596,3524
312,40,15803,39321,2175,3246
312,55,15608,34101,3459,3545
312,66,6968,27995,2635,2729
312,161,18750,,,
312,197,19268,75504,4697,4878
312,204,12559,67299,5074,5021
312,206,12379,47241,2998,4013
312,213,14480,,,
312,214,11998,21342,1590,2217
312,228,15763,41638,4046,4110
312,259,19809,38810,3442,3828
312,305,15937,28545,2908,2677
312,338,16768,60983,3620,5054
312,351,15534,50099,4600,4991
312,404,18485,54709,3514,3466
312,472,13029,34513,2258,2652
312,474,19669,53652,3107,3865
312,558,4893,22216,1184,1303
312,603,9924,28322,1613,1389
312,614,12825,48821,3191,2995
312,663,15229,62066,3710,4866
314,13,13719,52885,4136,3690
314,397,15855,53200,3899,4005
314,405,13002,56159,3926,3982
314,486,16401,33219,2086,1742
314,589,4052,7544,511,828
314,615,16472,47620,3437,3241
316,121,17399,35736,2290,1562
316,319,12252,17616,1744,1122
316,408,18722,60201,5125,4467
316,544,5075,7320,525,472
317,186,9315,14420,719,919
317,555,16058,44894,3380,2991
318,20,17224,47064,3225,2587
318,21,4489,9295,797,276
318,26,3942,6931,539,197
318,34,3891,7537,852,263
318,36,17850,68459,4051,3896
318,55,18743,38982,2421,1993
318,227,12102,28474,2045,1932
318,228,16328,36649,2490,2017
318,250,19270,47879,3255,3850
318,259,16773,33924,2076,1930
318,269,19744,42281,2504,2329
318,351,15126,28481,2088,1942
318,398,14275,24972,1556,1464
318,399,18341,28118,1609,1584
318,404,14584,25694,2133,1559
318,419,19818,52193,3410,3383
318,482,16937,61258,3053,3739
318,500,18315,26870,1148,1365
318,559,13639,31269,2262,1932
318,614,17794,34649,2702,1969
319,121,15705,25274,1320,1214
319,249,18372,27995,1944,2278
319,316,12252,17616,1157,1779
319,544,12319,18341,898,1467
319,555,15917,29898,2087,2131
320,143,6468,10467,827,760
320,275,8620,37615,3094,3161
320,283,13488,57218,4348,4681
320,369,16884,27256,2584,2051
320,570,13457,21540,2284,1486
320,648,11103,20644,1456,1618
322,49,14741,36539,2207,3283
322,168,4778,15523,748,457
322,540,14429,24288,2172,1511
322,670,4943,18808,913,936
323,148,15796,26378,2000,2322
323,201,4348,7551,274,509
323,331,72,101,0,0
323,415,13910,,,
323,437,13831,,,
324,200,7758,11616,650,260
324,407,19881,75436,2564,2327
324,452,16489,29645,1947,1534
324,610,10842,17334,797,1411
326,196,18147,,,
326,255,9191,,,
326,304,6616,20420,1100,1091
326,330,19555,41394,2885,2250
326,350,10845,18538,1340,666
326,417,6385,11119,969,294
327,81,12833,33749,2499,2546
327,84,14150,59779,3333,3147
327,141,17229,28751,1949,1950
327,144,13864,25581,1748,1303
327,145,15778,24384,1817,1325
327,151,7897,27747,1765,1545
327,195,11463,20206,1189,1228
327,295,17108,65637,3574,3604
327,452,18924,45197,2742,2825
327,536,5897,19566,329,1384
327,617,13714,33654,2776,2826
328,185,12192,,,
328,267,10275,,,
328,268,19359,,,
328,396,14651,,,
328,489,16013,,,
328,561,14112,,,
330,1,12272,32039,2778,1750
330,11,7015,16897,1474,1414
330,14,16927,51629,4460,3326
330,19,10364,39328,2878,2099
330,44,15226,32470,2388,1729
330,65,17772,29902,2829,1807
330,69,17833,34929,2539,2237
330,263,6141,12724,1211,1042
330,304,12945,25711,1474,2101
330,326,19555,41394,2331,2966
330,350,14266,29129,1980,1941
330,417,16195,30474,1997,1979
330,453,12367,19834,1802,1061
330,579,8748,16396,667,1186
331,148,15835,26463,2069,2408
331,201,4301,7636,337,589
331,323,72,101,0,0
331,415,13861,,,
331,437,13853,,,
332,16,6989,12200,835,1241
332,21,18739,33131,2180,2214
332,26,17165,33331,2056,2269
332,34,18370,36794,2548,2530
332,42,16973,26570,1492,2003
332,135,4166,6588,511,839
332,221,8746,12487,522,859
332,291,15853,32676,1785,2504
332,388,19343,42778,3042,3314
332,398,17086,29212,2049,2512
332,500,12381,23190,1367,2139
332,583,17667,27962,1828,1988
332,584,11765,20265,1213,1558
333,22,18847,48784,3892,3823
333,67,11648,19421,1464,1954
333,280,5263,8940,718,548
333,566,2223,2672,0,352
333,569,4115,7186,564,811
333,573,14135,35166,1882,2276
333,592,13470,20136,843,1801
334,6,13585,21531,1521,1853
334,9,18445,38338,3465,3634
334,35,7418,15707,1629,1551
334,51,10297,18672,1277,1768
334,74,6969,14489,970,2001
334,156,15982,34359,2020,2374
334,166,13164,30497,1735,2275
334,226,18265,,,
334,278,3604,6669,678,967
334,308,7285,14562,834,1297
334,348,5175,25832,2548,1858
334,378,13386,25490,2575,1694
334,381,3035,14463,1170,1301
334,420,16346,37379,3922,3774
334,436,7998,42825,4293,4007
334,494,9276,20155,2101,2050
334,511,6075,18070,1549,1979
334,530,12506,32557,2559,3273
334,548,8319,16710,781,1449
334,672,5599,21095,1604,1817
336,61,15049,37060,2365,2294
336,112,16635,34705,1646,1699
336,113,13353,22156,1298,1086
336,211,11228,33368,2155,2017
336,384,16076,,,
336,416,7335,13145,839,1527
336,509,8870,10831,743,539
337,185,17482,,,
337,268,12096,,,
337,310,6911,,,
337,489,14276,,,
338,2,4211,11496,1542,308
338,12,13785,,,
338,15,14841,78004,6103,3879
338,23,18884,62737,4855,3577
338,27,13387,28877,3196,2022
338,31,10369,19795,2259,741
338,40,19117,37140,2520,2145
338,69,17834,41206,3920,2919
338,77,8189,,,
338,161,6572,,,
338,204,6426,18660,1995,496
338,206,9730,14237,1086,633
338,213,12668,,,
338,243,13180,31607,3026,2154
338,312,16768,60983,5030,3584
338,374,17680,,,
338,446,14918,37795,3761,2350
338,498,13168,48234,5066,3371
338,515,11731,49286,4342,3420
338,558,15066,71809,5107,3780
338,603,11417,,,
338,659,6478,11211,1613,40
338,663,3009,13427,678,382
338,665,8536,24979,2349,796
339,30,9467,12305,1249,475
339,32,5261,8218,711,358
339,363,5075,8039,617,344
340,47,19993,,,
340,208,17932,42047,2769,2734
340,349,17395,,,
340,454,14750,,,
340,549,15140,36682,2408,2220
341,290,15991,28294,1880,727
341,391,14976,28848,1323,825
341,487,18309,33626,2195,1600
342,152,14741,26172,1791,1205
342,159,1827,3372,74,103
342,190,10739,20185,1544,1532
342,249,5890,9244,197,758
342,300,8264,19711,1290,973
342,356,11821,19353,1761,2127
342,408,9899,15039,1235,1426
342,578,2122,4777,118,515
342,650,6812,8810,529,884
343,248,5983,8523,781,588
343,556,18441,40091,2883,3080
345,357,7799,,,
345,358,6848,,,
345,359,11110,,,
345,361,4171,,,
345,364,3371,,,
345,368,6055,,,
345,448,14827,,,
345,457,11189,,,
345,459,14867,,,
345,460,3367,,,
345,532,7954,,,
345,533,8027,,,
345,534,17526,,,
345,535,17068,,,
345,649,15091,,,
347,46,2523,3552,450,0
347,75,14156,19087,953,830
347,88,12945,23740,1585,1744
347,89,10577,18841,1366,1358
347,91,3154,4141,479,29
347,92,11630,16746,1518,974
347,194,18247,38509,2454,3064
347,236,14651,21126,1737,1334
347,241,16509,27801,2349,1974
347,242,17982,26645,2307,2011
347,297,4365,7837,662,692
347,309,17549,25728,2481,1722
347,393,10386,16246,1216,1051
347,630,19626,48508,3225,2851
347,654,14545,21440,1597,688
347,655,15427,25256,1663,1548
347,667,11455,67823,5103,4578
348,6,17196,34038,2022,3044
348,9,17784,39268,3565,4424
348,35,12593,29015,2066,2678
348,51,10390,19603,1268,2449
348,74,5876,16434,316,2218
348,156,12220,27513,2077,3121
348,166,8158,23651,1579,2809
348,278,5712,21200,1144,2304
348,308,11904,29931,1577,2730
348,334,5175,25832,1841,2546
348,378,12252,26420,2637,2446
348,381,7693,29831,1994,2815
348,420,13947,34387,3412,3954
348,436,11674,44769,3632,4217
348,494,4703,7657,0,810
348,511,2475,13073,349,1627
348,530,7464,26940,1263,2848
348,548,13235,32079,1427,2785
348,672,2760,4749,0,959
349,47,15567,42933,3088,1124
349,156,18125,,,
349,166,18453,,,
349,175,10408,17970,2569,697
349,340,17395,,,
349,454,11063,33283,2099,643
349,527,7912,20112,2004,54
350,65,18294,36243,3313,2330
350,164,18835,38587,2937,2420
350,196,13860,,,
350,255,16248,,,
350,263,19151,39932,3363,3233
350,304,7564,17046,385,1050
350,326,10845,18538,678,1352
350,330,14266,29129,1925,1964
350,367,19314,67632,4843,4533
350,417,4502,7618,392,396
350,453,19475,37806,3213,2511
351,8,17467,42171,2743,2989
351,20,14320,42830,2964,2472
351,21,16517,37642,2690,2315
351,23,13705,45532,2939,2716
351,26,17811,35182,2502,2306
351,27,19035,61305,4900,4781
351,28,11483,28440,2919,2559
351,29,19297,64670,5248,5570
351,34,17997,35788,2844,2401
351,55,8937,16023,1519,1237
351,66,10042,35926,3745,3448
351,197,14538,30676,1954,1744
351,214,14300,28875,2852,3088
351,227,11577,18553,1660,1693
351,228,5810,12239,1425,1098
351,259,11048,18189,1745,1745
351,269,17690,31417,2827,2808
351,305,12675,21584,2197,1575
351,312,15534,50099,5060,4669
351,318,15126,28481,1965,2101
351,399,10960,23884,1438,1559
351,404,5593,10676,931,469
351,558,18483,49825,3152,2880
351,559,10412,17622,1756,1524
351,614,2723,6317,698,111
353,125,18672,,,
353,411,19192,,,
353,424,6924,,,
354,72,6846,28256,2264,2015
354,82,5279,22469,1789,1881
354,87,6565,8724,369,435
354,93,16812,,,
354,98,16812,,,
354,129,19605,37398,2263,2446
354,163,11606,23047,1465,1443
354,179,9533,29909,2402,2340
354,287,15389,25679,1520,1767
354,437,8178,11335,842,753
355,94,15081,46439,3628,3640
355,117,13640,41701,3135,3126
355,306,6715,21904,1840,1645
355,492,7549,17117,1040,1406
356,159,13638,22714,2223,1902
356,190,16663,26891,2535,2157
356,249,16911,27618,1730,1925
356,342,11821,19353,2127,1762
356,408,6966,10561,1255,1080
356,561,19635,38925,2189,2252
356,578,12740,20944,1613,1725
356,650,7473,11958,1150,1117
357,345,7799,,,
357,358,8898,,,
357,359,14970,,,
357,361,10142,,,
357,364,5300,,,
357,368,12182,,,
357,448,16138,,,
357,457,12888,,,
357,459,16572,,,
357,460,9775,,,
357,532,753,,,
357,533,231,,,
357,534,16471,,,
357,535,15181,,,
357,604,19861,,,
357,649,18887,,,
358,345,6848,,,
358,357,8898,,,
358,359,6080,,,
358,361,4373,,,
358,364,4865,,,
358,368,5309,,,
358,448,8188,,,
358,457,4551,,,
358,459,8373,,,
358,460,4891,,,
358,532,9539,,,
358,533,9020,,,
358,534,10724,,,
358,535,10455,,,
359,345,11110,,,
359,357,14970,,,
359,358,6080,,,
359,361,7020,,,
359,364,10465,,,
359,368,5757,,,
359,448,5521,,,
359,457,3842,,,
359,459,5047,,,
359,460,7868,,,
359,532,15596,,,
359,533,15097,,,
359,534,10378,,,
359,535,11237,,,
361,345,4171,,,
361,357,10142,,,
361,358,4373,,,
361,359,7020,,,
361,364,4848,,,
361,368,2091,,,
361,448,11282,,,
361,457,7798,,,
361,459,11187,,,
361,460,848,,,
361,532,10556,,,
361,533,10337,,,
361,534,14750,,,
361,535,14702,,,
361,649,18516,,,
363,30,4397,5350,588,84
363,32,258,713,112,32
363,339,5075,8039,351,624
364,345,3371,,,
364,357,5300,,,
364,358,4865,,,
364,359,10465,,,
364,361,4848,,,
364,368,6910,,,
364,448,13023,,,
364,457,9408,,,
364,459,13235,,,
364,460,4483,,,
364,532,5709,,,
364,533,5500,,,
364,534,14941,,,
364,535,14241,,,
364,649,17801,,,
365,171,17932,41980,3261,3371
365,181,16374,28501,3177,2289
365,231,16022,33574,2893,2883
365,238,13077,25567,1933,1564
365,366,13420,35037,2927,2610
365,369,18073,53080,4336,3853
365,370,12022,22737,2260,2226
365,476,8556,14280,1372,1243
365,495,12588,61179,3934,4881
366,115,6727,10223,747,1198
366,171,4868,8761,581,1029
366,173,13557,20018,1291,2131
366,181,14197,24662,1978,1428
366,231,7514,11204,616,944
366,238,11147,20210,1380,1349
366,271,10130,15823,1416,1332
366,365,13420,35037,2584,2922
366,369,16294,30576,2320,2175
366,370,13514,22431,1630,1934
366,476,15019,25617,1645,1891
366,495,9010,29784,1587,2872
367,17,14301,28092,1721,1858
367,22,13837,24784,2047,1660
367,68,15315,29282,1666,2127
367,164,16465,31150,2180,1973
367,196,10074,,,
367,350,19314,67632,4585,4895
367,574,8914,,,
367,575,18391,52244,2509,3282
368,345,6055,,,
368,357,12182,,,
368,358,5309,,,
368,359,5757,,,
368,361,2091,,,
368,364,6910,,,
368,448,10691,,,
368,457,7537,,,
368,459,10447,,,
368,460,2731,,,
368,532,12618,,,
368,533,12371,,,
368,534,14733,,,
368,535,14968,,,
368,649,19576,,,
369,115,17788,36166,2617,3222
369,143,11405,16855,1360,1832
369,171,19856,39297,2718,3320
369,275,11544,17452,1080,1680
369,320,16884,27256,2088,2621
369,365,18073,53080,3876,4353
369,366,16294,30576,2252,2406
369,495,7548,14680,346,1785
369,570,4466,5725,643,391
369,648,5804,11180,689,1398
370,115,19228,32601,2768,2915
370,171,15235,28978,1883,2027
370,173,11222,16765,829,1363
370,181,4775,5783,854,0
370,230,11504,17212,1355,1131
370,231,9480,20968,1842,1866
370,238,3265,5103,361,26
370,271,18880,36441,2773,2385
370,365,12022,22737,2225,2259
370,366,13514,22431,1865,1582
370,476,4840,8506,973,898
370,495,19433,48573,2811,3792
370,612,17370,29464,2111,2477
371,16,16440,30939,2215,2396
371,42,7371,25302,2117,2413
371,135,16782,32129,2205,2310
371,221,12391,24982,2178,2313
371,291,14027,45426,3017,3534
371,500,16767,35939,2531,3101
371,580,16594,52726,4556,4824
371,582,6169,28984,2575,2798
371,583,6630,24594,2239,2197
371,584,9152,17916,1470,1610
371,594,12641,46284,3869,4193
371,661,17911,98992,7136,7464
372,73,14033,24668,1359,1646
372,83,17492,63481,2284,2778
372,128,13874,30979,1720,2020
372,149,12257,27743,1677,1287
372,150,10535,31555,2537,1287
372,160,19777,36676,2314,2041
372,233,12274,36103,1313,1265
372,373,17486,29749,1806,1848
372,395,17061,24785,1616,1257
373,73,3463,5123,221,469
373,128,5698,9411,636,868
373,149,6172,12611,1429,972
373,150,7022,16474,2205,911
373,202,19521,66898,4755,4153
373,286,17791,44407,2144,2148
373,372,17486,29749,1911,1867
373,613,15648,41845,2030,2122
374,1,14949,72476,4333,4787
374,2,19657,112762,7244,8191
374,12,7646,,,
374,14,10041,,,
374,15,17234,,,
374,19,16753,79765,4249,4952
374,44,12215,72907,3812,4635
374,47,5694,,,
374,69,12144,,,
374,77,9493,,,
374,161,11177,,,
374,175,14147,40109,2369,3087
374,204,15895,,,
374,213,12897,,,
374,243,17385,77387,4289,5601
374,338,17680,,,
374,446,12916,77288,4545,5315
374,454,11600,,,
374,474,13685,,,
374,498,5773,,,
374,515,8450,,,
374,527,12462,60167,4257,4897
374,603,17181,,,
374,663,15867,,,
374,665,9782,,,
376,5,15133,72384,4673,4517
376,37,9462,16368,1187,912
376,41,6635,11654,1130,375
376,244,11166,32881,2605,2211
376,250,18089,37029,1868,2041
376,269,17137,44952,4048,3461
376,274,12499,39148,2986,2650
376,531,10291,28280,1884,1906
376,653,9948,27827,1873,1807
377,63,5520,8792,239,570
377,235,16441,76332,4209,4459
377,612,17481,79273,4539,5025
378,6,13618,28680,1812,3025
378,9,5553,14942,1048,2098
378,35,17799,28673,1959,2762
378,51,3738,6858,0,1372
378,74,18054,39774,2664,4576
378,156,7926,21608,2045,3260
378,166,12209,30223,1579,3000
378,208,11560,43550,3050,4209
378,278,16474,31954,2426,3596
378,308,19971,29589,1539,2883
378,334,13386,25490,1729,2625
378,348,12252,26420,2433,2624
378,381,16210,29489,1872,2884
378,420,4320,13983,1425,2158
378,445,13331,31322,2241,3291
378,494,15655,32045,2726,3546
378,511,14696,37462,2996,4307
378,530,16000,37288,2195,3790
378,549,12002,49464,3990,4996
378,672,9519,21683,1562,2656
379,10,8493,,,
379,43,10765,22964,2069,1946
379,53,11306,,,
379,226,9212,,,
379,400,8492,25591,2046,1465
379,413,13648,,,
379,436,19236,91877,7917,6895
379,473,15094,,,
379,668,13617,,,
381,6,14205,22179,1322,1523
381,10,19222,,,
381,35,5531,10130,1087,878
381,51,12924,22672,1315,1675
381,74,7206,28747,2158,3058
381,156,19005,38358,2216,2439
381,166,15845,34496,1868,2277
381,226,15370,,,
381,278,3287,,,
381,308,4294,6814,368,700
381,334,3035,14463,1298,1182
381,348,7693,29831,2708,1887
381,378,16210,29489,2735,1723
381,420,19329,41379,4011,3732
381,436,5109,,,
381,494,11050,34412,3405,3223
381,511,7812,32327,2789,3088
381,530,14556,41561,2413,2996
381,548,5545,8962,293,830
381,672,8583,25094,1818,1900
382,43,15073,,,
382,76,6662,22485,2405,2899
382,277,3088,15693,1497,1451
382,279,2885,8784,1255,1082
382,281,3294,10833,1572,1100
382,288,1708,1997,0,91
382,400,16399,,,
383,61,14551,58778,3842,3755
383,112,17220,60215,3880,3908
383,158,13542,47178,2190,2518
383,211,15276,66491,4554,4374
383,384,4812,7137,623,426
383,596,18386,44329,2874,3172
384,61,13156,62365,3913,4004
384,112,16064,63801,3881,4087
384,158,14677,53973,2557,3063
384,211,12672,70078,4690,4688
384,336,16076,,,
384,383,4812,7137,435,613
384,416,18162,,,
384,596,18777,47916,3045,3521
385,58,5287,10161,1162,551
385,133,15577,28248,2401,2350
385,190,17275,36529,2935,2462
385,292,10553,19735,2061,1706
385,401,9364,15998,1709,1266
385,485,14058,25172,2256,1670
385,605,10235,16716,1919,1135
386,3,15061,37209,1966,2226
386,7,18934,44108,2773,3266
386,18,11249,34952,1595,1606
386,157,18316,36546,2063,2022
386,290,14761,23763,1525,963
386,391,7727,18051,1499,1560
386,487,4105,13218,712,708
388,5,17664,54353,3365,3914
388,39,13470,57627,3880,4247
388,45,5010,8211,578,802
388,229,16399,60857,4350,4126
388,250,13941,24254,1402,2280
388,274,18544,31552,2450,2802
388,332,19343,42778,3312,3064
388,398,11970,19113,1191,1382
388,531,16772,36950,2600,3338
388,653,17158,37380,2661,3340
389,105,19160,33371,3119,3337
389,110,14525,26058,2395,2355
389,119,15258,24718,2021,1876
389,170,18291,28199,2184,1972
389,180,13740,24951,2133,2089
389,257,8649,13597,1629,1180
389,301,12909,22829,1824,1782
389,303,18566,32602,2954,3341
390,402,13910,23548,1941,1990
390,410,15921,24335,2211,2264
390,429,13408,55050,3626,3776
390,504,16950,29521,2879,3021
391,18,18968,36960,3515,3449
391,157,19931,34147,1919,1801
391,290,8333,16095,1348,709
391,341,14976,28848,819,1323
391,386,7727,18051,1538,1461
391,487,3675,4856,817,736
393,46,8027,12722,1033,750
393,75,5636,8239,888,925
393,86,15517,27167,2101,2351
393,88,5505,9421,423,763
393,89,3084,4522,110,291
393,91,9746,14851,1146,887
393,92,2197,3077,398,35
393,194,9867,24190,1247,2038
393,297,6739,10100,483,696
393,347,10386,16246,1059,1240
393,654,4673,8373,990,262
393,655,5156,12189,1005,1071
393,667,16675,76495,6114,5770
395,140,18151,47376,3788,3610
395,160,4327,22728,1369,1443
395,215,19632,35949,2312,2525
395,233,11648,42755,2149,2449
395,235,19945,51516,3995,3708
395,298,14219,41548,3310,3102
395,372,17061,24785,1234,1582
395,497,10339,35311,2760,2756
396,109,10939,,,
396,267,4929,,,
396,328,14651,,,
396,488,19200,,,
396,561,18423,,,
397,13,3949,5396,956,417
397,39,18173,30481,2411,2260
397,229,8558,23379,2977,2195
397,314,15855,53200,3978,3867
397,405,3430,5276,209,159
397,486,12474,23047,2205,1755
397,589,14189,47490,3423,3634
397,615,5781,13137,1209,907
398,21,9892,18270,1702,1273
398,26,10572,18470,1523,1273
398,34,16397,26436,1956,1459
398,45,8441,13919,1187,1220
398,227,13657,25984,2112,2074
398,244,18444,38273,3663,3783
398,250,8267,23606,1688,2375
398,259,18010,32905,2722,2668
398,269,15524,29969,2088,2005
398,274,14327,30904,2724,2885
398,318,14275,24972,1444,1536
398,332,17086,29212,2467,2028
398,388,11970,19113,1344,1153
398,531,16379,36302,2800,3347
398,559,15709,28454,2371,2133
398,653,16644,36733,2961,3449
399,8,6890,18314,1272,1397
399,20,4888,18973,1547,934
399,23,17730,62788,4161,3817
399,34,19150,30798,2020,1456
399,55,19862,39881,3001,2598
399,66,18113,59784,5317,4899
399,197,5610,6819,439,108
399,228,16770,36098,2903,2455
399,264,19146,25307,2014,1746
399,318,18341,28118,1571,1586
399,351,10960,23884,1505,1384
399,404,5700,14023,1153,604
399,419,10628,24103,1827,1825
399,472,17504,57510,3712,3594
399,478,19784,36255,2175,2256
399,482,15749,33167,1365,2076
399,516,11552,25115,1500,1381
399,614,11946,28141,2042,1334
400,10,14418,,,
400,43,2531,3738,217,661
400,53,14333,,,
400,226,17055,,,
400,277,15977,,,
400,279,17998,,,
400,281,19239,,,
400,288,18100,,,
400,379,8492,25591,1488,2069
400,382,16399,,,
400,413,15803,,,
400,473,18069,,,
400,668,17044,,,
401,58,5313,9921,841,668
401,132,15426,24126,1328,1923
401,133,10105,17118,1247,1634
401,190,11947,37781,3084,3049
401,292,10581,13916,1046,1129
401,385,9364,15998,1209,1637
401,485,4694,9194,617,469
401,545,16479,26297,1836,1857
401,605,4797,5585,575,229
402,260,18161,31997,2636,2151
402,390,13910,23548,1946,1897
402,410,4437,8336,990,994
402,504,5323,7494,699,792
402,577,12811,22732,2479,2125
403,177,15329,,,
404,8,11901,32310,1876,2561
404,20,8733,32969,2107,2054
404,21,17369,34855,2284,2348
404,23,16113,48786,3030,3246
404,26,18085,32396,2089,2332
404,28,16922,39090,3350,3429
404,34,16396,28375,2055,2051
404,55,14503,26673,2030,2187
404,66,14459,46576,4257,4399
404,197,10369,20815,1108,1337
404,214,19665,39525,3296,3971
404,227,15513,29203,2064,2536
404,228,11307,22889,1894,2006
404,259,16192,28839,2266,2705
404,305,18268,32234,2665,2482
404,312,18485,54709,3445,3493
404,318,14584,25694,1562,2137
404,351,5593,10676,422,861
404,399,5700,14023,602,1162
404,419,14561,38099,2419,2977
404,472,19483,43508,2528,2970
404,482,17714,47163,2063,3334
404,516,17105,39111,2054,2495
404,559,14904,28272,2275,2482
404,614,7307,14138,916,768
405,13,4816,7356,951,449
405,229,11912,28119,2202,1473
405,314,13002,56159,3876,3804
405,397,3430,5276,146,201
405,486,10064,22959,2200,1787
405,514,19109,41343,3229,2989
405,589,11974,52746,3492,3740
405,615,4776,13048,1158,893
407,57,6332,9722,616,759
407,100,16983,,,
407,130,7754,15192,1075,968
407,154,16562,,,
407,172,14078,,,
407,184,13945,,,
407,200,15740,78229,2665,2512
407,210,18322,64957,2698,2733
407,307,12561,,,
407,324,19881,75436,2344,2581
407,528,15330,,,
408,159,11311,18400,1482,1336
408,190,18796,31438,2918,2715
408,249,12928,22004,1129,1499
408,300,17541,32684,2285,1777
408,316,18722,60201,4448,5106
408,342,9899,15039,1427,1237
408,356,6966,10561,1057,1213
408,544,13662,60926,4034,4639
408,578,11739,18988,1344,1631
408,650,3087,6236,550,704
409,146,11312,,,
409,147,9717,17477,714,877
409,428,8191,22644,608,1550
410,260,19378,33351,1553,1057
410,390,15921,24335,2285,2225
410,402,4437,8336,1002,991
410,504,9014,15419,1293,1375
410,577,9113,14525,1561,1196
411,353,19192,,,
411,424,16938,,,
411,434,10477,19898,870,911
412,132,18857,41245,2719,3473
412,188,7445,15859,1381,1614
412,545,17683,51219,3482,3705
413,10,7369,16816,939,847
413,43,18040,,,
413,53,2481,11663,1075,667
413,226,12211,25298,1918,1641
413,379,13648,,,
413,400,15803,,,
413,436,19562,,,
413,473,2486,6029,174,361
413,573,12114,16925,534,1347
413,668,2454,8696,307,687
415,72,19506,,,
415,123,19105,29934,2074,2273
415,201,14916,,,
415,205,9540,13789,740,818
415,216,11145,19175,1287,1718
415,323,13910,,,
415,331,13861,,,
415,437,14030,,,
416,113,17805,35277,2911,1989
416,211,17787,46490,3737,2889
416,336,7335,13145,1572,862
416,384,18162,,,
416,509,8452,18136,2138,1224
417,196,14402,,,
417,255,12383,,,
417,304,5259,12033,104,770
417,326,6385,11119,297,972
417,330,16195,30474,1910,1950
417,350,4502,7618,326,327
418,449,10414,,,
418,450,9013,,,
419,8,4630,6164,665,789
419,20,5948,9496,1057,446
419,34,18451,54874,3845,3283
419,36,12408,29849,2225,2097
419,197,13146,18773,1730,1413
419,198,17563,58810,4899,5158
419,318,19818,52193,3398,3415
419,399,10628,24103,1807,1820
419,404,14561,38099,2947,2400
419,435,11335,39320,3121,3405
419,478,14704,36366,2931,3014
419,481,15022,47361,3988,4122
419,482,7215,22648,1125,1838
419,483,19870,53909,4866,4832
419,484,16995,42426,3074,3556
419,516,7764,25225,2133,2016
419,543,18308,48176,3287,3848
420,6,17912,40570,3850,4330
420,9,6549,12463,1176,1493
420,51,7888,18748,2052,2691
420,74,19798,48789,4507,5686
420,156,4917,7662,579,1061
420,166,11106,27356,2722,3410
420,208,9177,41071,3155,3581
420,278,18987,43843,4542,4979
420,334,16346,37379,3828,3991
420,348,13947,34387,3915,3373
420,378,4320,13983,2151,1418
420,381,19329,41379,3893,4172
420,445,13282,28843,2283,2600
420,494,16285,40012,4045,4132
420,511,16183,45428,4530,5108
420,530,15639,34421,3433,4295
420,549,8439,42073,3558,3831
420,672,11497,29650,3181,3542
424,125,12322,,,
424,353,6924,,,
424,411,16938,,,
425,125,15863,,,
428,146,18018,,,
428,147,11570,14858,950,171
428,409,8191,22644,1524,582
429,390,13408,55050,3759,3611
430,177,16983,,,
434,411,10477,19898,872,833
435,8,15712,38271,3294,3121
435,20,17139,32807,3199,2302
435,36,9311,17210,2363,1931
435,198,13023,,,
435,419,11335,39320,3389,3105
435,478,17593,67979,5609,5408
435,479,14046,22461,1962,1973
435,480,11441,17961,1794,1399
435,481,5661,8059,888,738
435,482,8910,17766,1659,2066
435,483,17042,85521,7449,7131
435,484,17792,74039,5682,5880
435,516,15722,56838,4733,4332
435,518,19938,29958,2529,2607
435,543,19107,79789,6147,6424
436,6,17946,64150,5477,6095
436,10,14170,,,
436,35,7238,,,
436,51,18025,61292,5099,5876
436,53,18091,,,
436,74,8395,28671,2049,3366
436,166,19640,56421,4625,5451
436,226,10274,,,
436,278,5980,,,
436,308,2968,,,
436,334,7998,42825,3998,4284
436,348,11674,44769,4210,3623
436,379,19236,91877,6825,7866
436,381,5109,,,
436,413,19562,,,
436,473,18184,,,
436,494,13658,37130,3438,3673
436,511,10823,35045,2836,3552
436,530,17309,49401,3763,4763
436,548,4708,,,
436,668,17215,,,
436,672,13225,47486,4328,4827
437,62,19795,,,
437,72,8569,22180,1786,1618
437,82,9922,17101,711,885
437,87,14662,19902,1113,1283
437,163,16121,26981,1536,1618
437,179,14517,24541,1302,1344
437,201,17880,,,
437,216,19115,,,
437,323,13831,,,
437,331,13853,,,
437,354,8178,11335,780,889
437,415,14030,,,
438,85,16901,38905,2685,2380
438,183,16702,33899,2894,1872
438,189,4837,6127,439,39
438,192,19250,38127,2697,1626
438,222,13448,33008,2299,1723
438,439,20,292,0,0
439,85,16917,38888,2685,2380
439,183,16681,33882,2894,1872
439,189,4823,6110,439,39
439,192,19232,38110,2697,1626
439,222,13429,32991,2299,1723
439,438,20,292,0,0
442,564,7746,13497,969,843
442,644,8317,12448,1600,640
442,645,5200,6369,1161,0
442,646,6109,10610,786,910
444,4,9726,12739,561,496
444,25,11803,17484,1037,993
444,33,18739,82873,5040,5351
444,50,13088,,,
444,80,17199,68797,3905,4124
444,167,12095,,,
444,241,17659,64311,3652,4036
444,242,18588,67314,3543,4017
444,664,3187,4056,0,535
445,6,19510,57165,5240,5403
445,9,7783,16405,1140,1140
445,51,15715,36087,3180,3502
445,156,17996,36468,3161,3326
445,208,7265,15038,1016,1125
445,378,13331,31322,3270,2220
445,420,13282,28843,2625,2308
445,549,11155,20952,1807,1763
446,1,9629,16578,1860,1523
446,2,18885,42669,3158,3314
446,11,15669,46579,2871,3502
446,12,16499,,,
446,14,9648,18913,1694,1251
446,19,13341,26162,2503,2415
446,44,7538,11944,925,957
446,47,18244,,,
446,69,3340,5593,191,582
446,77,11067,,,
446,161,12078,,,
446,175,19777,74079,5178,5105
446,204,18086,50468,3972,3863
446,213,19988,,,
446,243,5403,10264,499,1005
446,338,14918,37795,2342,3720
446,374,12916,77288,5234,4443
446,498,7958,15014,1847,1542
446,515,5906,16066,1056,1524
446,579,18709,46077,2191,3421
446,659,15651,27370,2285,2102
446,663,15458,45234,2444,3544
446,665,8580,43991,3550,3387
447,652,4660,,,
448,345,14827,,,
448,357,16138,,,
448,358,8188,,,
448,359,5521,,,
448,361,11282,,,
448,364,13023,,,
448,368,10691,,,
448,457,3653,,,
448,459,838,,,
448,460,12082,,,
448,532,16868,,,
448,533,16191,,,
448,534,5162,,,
448,535,6515,,,
449,418,10414,,,
449,450,4216,,,
450,418,9013,,,
450,449,4216,,,
452,81,6897,13228,1280,1253
452,84,15264,24531,1636,1355
452,141,19122,31719,2372,2278
452,144,15489,24692,2046,1521
452,151,11820,21324,1846,1533
452,195,17949,30199,2095,2023
452,232,17548,31294,2497,2054
452,295,18777,30389,1929,1864
452,324,16489,29645,1553,1970
452,327,18924,45197,2763,2687
452,536,15685,25690,1342,2301
452,610,5856,23602,1331,2341
452,666,14576,33943,2491,2351
453,1,19437,48003,3176,2889
453,11,13470,19785,1126,1807
453,17,18374,27823,2338,2852
453,19,15820,55292,3149,3111
453,48,8606,13946,788,1080
453,65,8402,11828,994,713
453,164,14490,22016,1445,1620
453,175,18611,36505,3031,3008
453,263,8823,11348,332,885
453,330,12367,19834,1065,1806
453,350,19475,37806,2505,3207
453,579,10490,17152,227,1016
454,12,15577,,,
454,14,16882,,,
454,47,5952,10123,1005,488
454,175,12336,37445,3337,2912
454,213,19896,,,
454,340,14750,,,
454,349,11063,33283,612,2059
454,374,11600,,,
454,474,15198,22089,1467,1803
454,498,17348,,,
454,515,19994,,,
454,527,7173,26964,1879,1376
456,33,13064,17486,1168,1204
456,78,17006,34360,2001,1818
456,79,15053,24693,1713,1644
456,80,17685,29242,2435,2360
456,103,14198,22464,1684,1674
456,167,19762,31660,2099,2017
456,191,6828,11132,736,833
456,217,10037,15156,1123,1247
456,234,11836,18737,1504,1334
456,236,19460,29493,2025,2110
456,242,19430,31158,2254,2453
456,309,16963,26075,1996,1732
456,502,18559,25321,1576,2145
457,345,11189,,,
457,357,12888,,,
457,358,4551,,,
457,359,3842,,,
457,361,7798,,,
457,364,9408,,,
457,368,7537,,,
457,448,3653,,,
457,459,3830,,,
457,460,8563,,,
457,532,13594,,,
457,533,12967,,,
457,534,7215,,,
457,535,7686,,,
459,345,14867,,,
459,357,16572,,,
459,358,8373,,,
459,359,5047,,,
459,361,11187,,,
459,364,13235,,,
459,368,10447,,,
459,448,838,,,
459,457,3830,,,
459,460,12005,,,
459,532,17293,,,
459,533,16634,,,
459,534,5935,,,
459,535,7343,,,
460,345,3367,,,
460,357,9775,,,
460,358,4891,,,
460,359,7868,,,
460,361,848,,,
460,364,4483,,,
460,368,2731,,,
460,448,12082,,,
460,457,8563,,,
460,459,12005,,,
460,532,10141,,,
460,533,9978,,,
460,534,15434,,,
460,535,15313,,,
460,649,17694,,,
462,539,17292,,,
468,114,18366,,,
468,138,11869,,,
468,475,17529,,,
469,490,10994,14569,903,793
470,5,18741,36966,2076,1905
472,2,18805,81226,5579,5397
472,12,14572,,,
472,15,6731,28182,2743,1571
472,23,11278,28589,2156,1930
472,27,15099,68254,4658,4536
472,31,19276,68945,5069,4603
472,66,17536,51118,4183,3883
472,77,19548,,,
472,161,19063,,,
472,197,13028,64302,4039,3826
472,204,15087,90422,6619,6172
472,213,10472,,,
472,264,13280,,,
472,312,13029,34513,2713,2319
472,399,17504,57510,3662,3780
472,404,19483,43508,2971,2529
472,474,9270,20725,966,1330
472,558,9122,32882,2409,2134
472,603,10102,38988,2607,1989
472,614,18501,37619,2779,2189
472,663,18652,85189,5181,5942
473,10,7706,10824,715,420
473,53,3912,5671,917,306
473,74,19721,,,
473,226,12037,19306,1632,1152
473,379,15094,,,
473,400,18069,,,
473,413,2486,6029,378,175
473,436,18184,,,
473,573,11890,19050,929,1539
473,668,1580,2704,142,319
474,2,19605,100366,6945,6413
474,12,8365,,,
474,15,8837,47322,3947,2425
474,23,18859,47728,3294,2718
474,47,12711,26479,2414,1561
474,77,15222,,,
474,161,15596,,,
474,204,14831,,,
474,213,8058,,,
474,264,14686,,,
474,312,19669,53652,3980,3236
474,374,13685,,,
474,454,15198,22089,1779,1434
474,472,9270,20725,1306,956
474,498,16816,,,
474,515,18909,,,
474,558,14819,52021,3448,2823
474,603,11686,58127,3580,2612
474,663,17587,104328,6481,6892
474,665,17501,,,
475,100,12354,33009,2026,1625
475,114,1315,10078,622,680
475,116,17406,60928,4309,3396
475,138,8878,34735,1931,1773
475,154,12371,31468,2080,1293
475,172,14616,29323,1556,1573
475,184,14842,32669,2320,1610
475,307,17400,32100,2003,1494
475,468,17529,,,
475,528,14272,36870,2912,1924
476,171,17949,32560,2173,2392
476,173,15936,25252,1798,2407
476,181,9598,14270,1818,1039
476,230,13979,21895,1974,1825
476,231,13177,24154,1820,1919
476,238,7566,13590,1269,1009
476,365,8556,14280,1238,1347
476,366,15019,25617,1907,1699
476,370,4840,8506,908,983
476,495,18719,51759,2915,3971
478,8,14106,30329,2376,2420
478,20,17782,35264,3096,2402
478,197,17380,30851,2246,1846
478,198,10366,22773,1925,2101
478,264,15210,38092,3530,3181
478,399,19784,36255,2307,2237
478,419,14704,36366,3041,2958
478,435,17593,67979,5485,5686
478,481,15972,76020,6235,6286
478,483,9042,17871,1890,1773
478,484,3397,6086,311,710
478,510,9921,24881,1867,2076
478,516,8384,11195,992,780
478,543,4222,11835,534,1012
479,198,13877,,,
479,435,14046,22461,1970,1957
479,480,2760,4612,580,176
479,481,9801,14408,1185,1022
479,483,17368,,,
479,510,19582,114976,9532,9529
479,518,5949,9636,591,658
479,519,6360,10158,676,902
480,36,18767,35154,3647,3615
480,198,13332,,,
480,435,11441,17961,1386,1784
480,479,2760,4612,176,587
480,481,7730,9908,656,904
480,483,17205,,,
480,510,19690,110475,8832,9240
480,518,8692,12109,582,1060
480,519,9074,12631,738,1375
481,8,18743,46312,4131,4108
481,36,14873,25251,3086,2804
481,198,8487,,,
481,419,15022,47361,4202,4068
481,435,5661,8059,736,884
481,478,15972,76020,6158,6107
481,479,9801,14408,1057,1218
481,480,7730,9908,920,675
481,482,14361,25807,2424,2981
481,483,12752,,,
481,484,15105,82081,6496,6844
481,510,15674,,,
481,516,16961,64880,5542,5291
481,518,15315,21905,1604,1832
481,519,15847,22427,1653,2040
481,543,16240,87830,6719,7146
482,8,11480,21599,1698,1099
482,20,10972,16135,1700,377
482,34,14353,63938,4091,2819
482,36,5284,9880,1308,470
482,197,19607,29686,2599,1572
482,291,19833,87746,4911,4392
482,318,16937,61258,3591,2898
482,399,15749,33167,2073,1376
482,404,17714,47163,3297,2040
482,419,7215,22648,1867,1157
482,435,8910,17766,2073,1647
482,481,14361,25807,3004,2428
482,500,19173,83271,4212,3746
482,516,14778,40166,3086,2259
483,198,4272,6577,466,742
483,419,19870,53909,4852,4869
483,435,17042,85521,7269,7570
483,478,9042,17871,1819,1919
483,479,17368,,,
483,480,17205,,,
483,481,12752,,,
483,484,5861,12655,1062,1567
483,510,2966,7436,669,978
483,516,16091,28737,3014,2902
483,518,19830,115462,9551,9930
483,543,5974,18859,1521,2099
484,8,17030,36389,2962,2607
484,198,8092,17557,1689,1466
484,264,17802,44152,4107,3359
484,419,16995,42426,3550,3068
484,435,17792,74039,5992,5794
484,478,3397,6086,720,321
484,481,15105,82081,6901,6553
484,483,5861,12655,1554,1038
484,510,6525,19665,1600,1410
484,516,11477,17255,1765,1154
484,543,1383,7132,407,486
485,58,9739,19096,1340,1315
485,132,13998,21068,969,1616
485,133,9980,19514,1141,1602
485,190,11333,46955,3670,3783
485,292,13421,23091,1572,1803
485,385,14058,25172,1709,2285
485,401,4694,9194,498,646
485,545,13501,23239,1479,1552
485,578,19929,57077,4214,4707
485,605,6998,14759,1093,895
486,13,14879,26717,2714,2625
486,176,16121,24753,1819,1883
486,314,16401,33219,1696,2037
486,397,12474,23047,1733,2201
486,405,10064,22959,1785,2185
486,514,9723,23682,1537,1710
486,589,17840,38665,2056,2717
486,615,7108,14420,1388,1536
487,3,19114,39527,2364,2628
487,18,15350,32966,2954,2969
487,157,18354,38304,1899,1862
487,290,10925,20252,1353,795
487,341,18309,33626,1545,2130
487,386,4105,13218,695,699
487,391,3675,4856,736,801
488,109,12071,,,
488,396,19200,,,
489,185,3867,,,
489,268,3439,,,
489,310,18100,,,
489,328,16013,,,
489,337,14276,,,
490,469,10994,14569,780,907
491,106,14407,26686,1219,1819
491,108,9055,13762,715,1392
491,111,5004,8077,272,748
491,219,3151,7010,543,575
491,260,8788,16901,1509,1548
491,261,2994,10729,1088,545
491,262,6055,11163,600,1158
492,94,7992,29350,2506,2152
492,117,6115,24612,2139,1764
492,187,19691,95002,5280,4791
492,306,3074,4814,853,292
492,355,7549,17117,1368,1022
492,493,19591,88021,4932,4368
493,94,12715,,,
493,117,13488,,,
493,187,7118,11011,911,964
493,492,19591,88021,4383,4960
494,35,16447,34639,3026,2999
494,51,14521,25227,2158,2700
494,74,5528,8795,356,1438
494,156,13202,33138,2866,3271
494,166,7008,26321,2138,2729
494,278,8090,13561,1109,1449
494,308,14785,34511,2922,3436
494,334,9276,20155,2062,2113
494,348,4703,7657,822,0
494,378,15655,32045,3569,2739
494,381,11050,34412,3242,3424
494,420,16285,40012,4183,4086
494,436,13658,37130,3661,3426
494,511,3257,5435,253,734
494,530,3652,19301,1263,2028
494,548,16415,36660,2790,3509
494,672,6967,10374,822,1086
495,115,12218,35373,3384,2544
495,143,18920,31497,3032,2059
495,171,13150,38505,3438,2595
495,231,16290,40934,3464,2501
495,238,18170,48117,4000,2678
495,271,17817,45567,4353,2978
495,275,18229,32093,2808,1963
495,365,12588,61179,4808,3855
495,366,9010,29784,2934,1643
495,369,7548,14680,1720,284
495,370,19433,48573,3764,2777
495,476,18719,51759,3999,2954
495,570,11695,20367,2388,691
495,648,13285,25821,2477,1741
497,63,18894,96967,6534,6332
497,140,8672,13486,1344,1170
497,160,7430,12612,1196,1275
497,235,9692,16643,1454,1171
497,298,4275,6675,797,593
497,395,10339,35311,2605,2633
498,1,13362,26158,2652,2620
498,2,15995,53108,4122,4583
498,11,19431,58306,3852,4788
498,12,8770,,,
498,14,9833,17616,1952,1814
498,15,17458,,,
498,19,16239,35742,3373,3590
498,44,10404,20115,1834,2171
498,47,11466,,,
498,69,8418,13764,1163,1882
498,77,5642,,,
498,161,7356,,,
498,175,17557,85807,6042,6274
498,204,13302,60907,4887,5083
498,213,12992,,,
498,243,11793,21825,1416,2227
498,338,13168,48234,3370,5053
498,374,5773,,,
498,446,7958,15014,1533,1838
498,454,17348,,,
498,474,16816,,,
498,515,2689,5035,0,773
498,527,17240,,,
498,603,16198,,,
498,659,17062,37809,3299,3421
498,663,12079,55674,3548,4952
498,665,4659,,,
500,16,14919,23836,1577,1188
500,21,19926,30187,1523,785
500,26,17850,27728,1305,746
500,34,14795,19518,957,167
500,36,14873,,,
500,42,9721,21848,1332,1071
500,135,9646,17188,1280,813
500,221,11808,20394,1741,1306
500,291,4435,9509,466,413
500,318,18315,26870,1265,1048
500,332,12381,23190,2096,1324
500,371,16767,35939,3134,2564
500,482,19173,83271,3690,4159
500,582,12791,27629,2072,1725
500,583,10589,23240,1689,1077
500,584,10013,18812,1543,1116
500,594,19529,44929,3386,3140
502,95,6510,9900,1117,745
502,96,5583,6712,823,98
502,97,18244,30018,2223,2009
502,103,7889,8860,579,0
502,183,19460,32344,2312,1751
502,192,12388,23574,2145,1558
502,217,8544,10188,946,497
502,456,18559,25321,2148,1560
502,667,16241,21388,1833,1230
504,260,14162,28469,2425,1825
504,261,19813,36416,3087,1882
504,262,17455,35458,2763,2659
504,390,16950,29521,3003,2839
504,402,5323,7494,833,696
504,410,9014,15419,1411,1307
504,577,15249,29882,2976,2507
507,104,1759,2842,320,151
507,148,12909,22090,1244,1333
507,210,13082,19409,1137,1320
507,218,6735,9082,348,540
507,557,1519,1942,47,178
507,591,736,1012,0,33
509,113,10798,22537,1151,1174
509,211,19512,40079,2918,2984
509,336,8870,10831,623,827
509,416,8452,18136,1244,2136
509,556,15462,23828,1090,1351
510,198,7187,14003,1444,1411
510,478,9921,24881,2155,1946
510,479,19582,114976,9542,9545
510,480,19690,110475,9301,8898
510,481,15674,,,
510,483,2966,7436,987,678
510,484,6525,19665,1432,1628
510,516,17766,35747,3336,2915
510,543,5976,23578,1887,2156
511,6,19112,39395,3543,3437
511,35,13189,33571,3610,3094
511,51,12853,30644,2965,3018
511,74,3675,6710,235,828
511,156,14003,38554,3702,3618
511,166,8917,28780,2439,2541
511,278,4992,11476,983,852
511,308,11666,32426,2892,2917
511,334,6075,18070,2005,1567
511,348,2475,13073,1647,342
511,378,14696,37462,4337,3018
511,381,7812,32327,3157,2850
511,420,16183,45428,5156,4570
511,436,10823,35045,3575,2851
511,494,3257,5435,754,265
511,530,6758,21760,1617,1893
511,548,13236,34574,2733,2963
511,672,5234,15790,1658,1433
514,176,7946,12039,845,763
514,405,19109,41343,3037,3264
514,486,9723,23682,1742,1569
514,615,14930,30699,2491,2449
515,1,13117,27210,2570,1765
515,2,15054,54160,4179,3867
515,11,19351,59358,3976,4139
515,12,10622,,,
515,14,10558,18668,1945,1034
515,15,18487,,,
515,19,16382,36794,3379,2823
515,44,10268,21167,1834,1398
515,47,14138,,,
515,69,7303,14816,1163,1109
515,77,5549,,,
515,161,6940,,,
515,175,19314,86859,6425,5884
515,204,13138,61959,4900,4323
515,213,14161,,,
515,243,9166,22877,1454,1492
515,338,11731,49286,3385,4295
515,374,8450,,,
515,446,5906,16066,1519,1051
515,454,19994,,,
515,474,18909,,,
515,498,2689,5035,773,0
515,527,19504,106917,8148,7529
515,603,16734,,,
515,659,14870,38861,3217,2566
515,663,11227,56726,3449,4080
515,665,3471,,,
516,8,5803,19188,1344,1588
516,20,9466,24123,2039,1545
516,36,19730,47368,3728,3717
516,197,10305,19711,1202,1002
516,198,15455,33639,3020,3396
516,264,15088,26951,2476,2327
516,399,11552,25115,1330,1460
516,404,17105,39111,2454,2024
516,419,7764,25225,1952,2069
516,435,15722,56838,4339,4740
516,478,8384,11195,785,985
516,481,16961,64880,5269,5520
516,482,14778,40166,2295,3125
516,483,16091,28737,2911,2994
516,484,11477,17255,1166,1765
516,510,17766,35747,2942,3351
516,543,12545,23005,1333,2011
518,49,18142,,,
518,198,17246,,,
518,435,19938,29958,2705,2625
518,479,5949,9636,659,592
518,480,8692,12109,1129,658
518,481,15315,21905,1913,1683
518,483,19830,115462,9985,9589
518,519,652,952,0,117
519,49,17524,,,
519,168,19998,,,
519,198,17895,,,
519,479,6360,10158,833,625
519,480,9074,12631,1334,722
519,481,15847,22427,2150,1779
519,518,652,952,132,0
519,670,19422,,,
521,522,5111,,,
521,597,3634,,,
521,649,17561,,,
522,521,5111,,,
522,597,3944,,,
527,1,16981,89326,6862,6676
527,11,18607,58526,4468,5250
527,12,19006,,,
527,14,12718,,,
527,19,15917,,,
527,44,15991,89757,6332,6515
527,47,8863,36615,2339,2325
527,69,18939,92216,6347,6887
527,175,5288,23653,2736,2814
527,263,19961,56423,3774,4428
527,349,7912,20112,60,2010
527,374,12462,60167,4956,4316
527,454,7173,26964,1367,1861
527,498,17240,,,
527,515,19504,106917,7675,8294
527,579,16817,53968,3601,4401
528,57,17108,,,
528,100,1920,4482,201,788
528,114,15373,34791,1784,2830
528,154,2303,5751,538,770
528,172,4830,7679,353,1365
528,184,2457,4311,404,691
528,200,13672,40779,2206,2488
528,307,8689,13059,967,1439
528,407,15330,,,
528,475,14272,36870,1896,2901
529,83,12233,33330,1353,1760
529,174,4899,6613,548,334
529,215,10531,16416,1338,1136
529,233,12902,30078,1501,1368
529,265,11672,27011,1257,1774
529,270,19665,28889,2019,1792
529,272,193,379,0,0
529,562,18090,30870,2031,2208
529,616,2785,7290,246,705
530,35,19842,40745,3242,2450
530,51,15713,30471,2405,2182
530,74,9099,21198,1616,1933
530,156,11708,27547,2856,2496
530,166,4832,7087,840,666
530,278,11704,25964,2366,1941
530,308,18399,41661,2903,2652
530,334,12506,32557,3221,2507
530,348,7464,26940,2832,1245
530,378,16000,37288,3820,2225
530,381,14556,41561,3111,2528
530,420,15639,34421,4319,3457
530,436,17309,49401,4781,3781
530,494,3652,19301,2044,1279
530,511,6758,21760,1804,1520
530,548,19993,43809,2711,2665
530,672,8916,25979,2747,2246
531,5,12119,58994,4950,4772
531,37,14942,26595,1984,1687
531,41,10997,29130,2284,1528
531,45,12752,29991,2944,2441
531,227,19010,40102,3842,3268
531,244,8834,12825,1257,841
531,250,8619,17134,1310,1461
531,259,19260,39067,3643,3048
531,269,12583,26032,2700,2081
531,274,5364,10916,1150,792
531,376,10291,28280,1889,1862
531,388,16772,36950,3426,2699
531,398,16379,36302,3448,2912
531,559,19627,42572,4055,3281
531,653,387,479,48,0
532,345,7954,,,
532,357,753,,,
532,358,9539,,,
532,359,15596,,,
532,361,10556,,,
532,364,5709,,,
532,368,12618,,,
532,448,16868,,,
532,457,13594,,,
532,459,17293,,,
532,460,10141,,,
532,533,795,,,
532,534,17224,,,
532,535,15926,,,
532,604,19194,,,
532,649,18404,,,
533,345,8027,,,
533,357,231,,,
533,358,9020,,,
533,359,15097,,,
533,361,10337,,,
533,364,5500,,,
533,368,12371,,,
533,448,16191,,,
533,457,12967,,,
533,459,16634,,,
533,460,9978,,,
533,532,795,,,
533,534,16451,,,
533,535,15139,,,
533,604,19763,,,
533,649,19068,,,
534,345,17526,,,
534,357,16471,,,
534,358,10724,,,
534,359,10378,,,
534,361,14750,,,
534,364,14941,,,
534,368,14733,,,
534,448,5162,,,
534,457,7215,,,
534,459,5935,,,
534,460,15434,,,
534,532,17224,,,
534,533,16451,,,
534,535,2009,,,
535,345,17068,,,
535,357,15181,,,
535,358,10455,,,
535,359,11237,,,
535,361,14702,,,
535,364,14241,,,
535,368,14968,,,
535,448,6515,,,
535,457,7686,,,
535,459,7343,,,
535,460,15313,,,
535,532,15926,,,
535,533,15139,,,
535,534,2009,,,
536,81,8858,17558,1735,754
536,84,16375,40272,2985,1750
536,141,11625,19289,1824,776
536,144,8003,13340,1813,319
536,145,10658,16417,1783,224
536,151,3940,8240,1343,74
536,195,6158,10745,1204,194
536,232,18394,36586,3475,2078
536,327,5897,19566,1423,393
536,452,15685,25690,2321,1355
536,617,14480,35276,2893,1901
539,462,17292,,,
540,49,8477,12801,128,1865
540,168,12531,20065,1410,1780
540,322,14429,24288,1575,2236
540,565,10833,,,
540,670,14147,23351,1683,2367
543,8,18184,42139,3451,3017
543,198,8840,23761,2080,1778
543,264,17641,49902,4664,3837
543,419,18308,48176,4026,3465
543,435,19107,79789,6527,6250
543,478,4222,11835,1049,571
543,481,16240,87830,7281,6854
543,483,5974,18859,2100,1505
543,484,1383,7132,480,407
543,510,5976,23578,2126,1857
543,516,12545,23005,2040,1350
544,249,19433,41448,3139,2899
544,316,5075,7320,493,541
544,319,12319,18341,1534,960
544,408,13662,60926,4784,4174
544,650,15432,54697,4203,3757
545,58,18916,27289,2091,1891
545,132,5575,9989,157,709
545,133,9394,14414,931,1297
545,188,10333,52594,4201,4226
545,292,16898,30205,2429,2469
545,401,16479,26297,1877,1834
545,412,17683,51219,3682,3458
545,485,13501,23239,1573,1492
545,605,13969,20725,1672,1283
546,115,14281,22159,1772,1418
546,127,17653,43685,3958,3927
546,171,17261,28730,1952,1595
546,239,19353,39697,3952,3590
546,271,13490,27337,2503,1638
548,6,14151,24426,1412,1069
548,10,17101,,,
548,35,3180,12378,1177,424
548,51,16660,24920,1424,1240
548,74,11854,30994,2245,2601
548,226,12443,,,
548,278,8342,23174,2007,1621
548,308,1895,3735,255,43
548,334,8319,16710,1454,794
548,348,13235,32079,2650,1285
548,381,5545,8962,837,293
548,436,4708,,,
548,494,16415,36660,3401,2675
548,511,13236,34574,2905,2660
548,530,19993,43809,2566,2605
548,672,13899,27342,1835,1373
549,9,9823,34546,2779,2823
549,51,15733,53624,3535,3901
549,156,10746,35199,2436,2665
549,166,17593,46838,3403,3818
549,208,3903,5919,675,804
549,340,15140,36682,2268,2456
549,378,12002,49464,5014,4008
549,420,8439,42073,3850,3577
549,445,11155,20952,1788,1832
549,672,19852,49132,3543,3631
550,4,16151,43378,3157,2708
550,25,16651,48267,3583,3174
550,157,5279,21798,1555,1104
550,182,5243,8333,672,612
550,246,18104,36667,2617,2475
555,121,14137,34214,2806,2656
555,317,16058,44894,2953,3343
555,319,15917,29898,2132,2088
556,106,17314,97390,5669,5446
556,248,13178,31596,2397,2012
556,343,18441,40091,3074,2893
556,509,15462,23828,1463,1209
557,104,3007,4149,475,175
557,148,12259,21374,1236,1194
557,210,14578,21259,1302,1354
557,218,5217,7924,357,418
557,507,1519,1942,171,40
557,591,1113,2030,187,89
558,2,11390,,,
558,12,15064,,,
558,15,6171,26779,1820,941
558,23,4984,16292,1018,1085
558,27,5996,,,
558,28,16820,35159,2504,2434
558,31,10278,56648,3901,3728
558,40,19490,50147,2534,3504
558,66,11452,38821,2907,2900
558,77,16635,,,
558,161,15410,,,
558,197,18376,73873,4426,4506
558,204,9527,,,
558,206,13828,58067,3269,4183
558,213,9818,,,
558,214,16891,32168,2046,2572
558,228,19829,52463,4369,4332
558,312,4893,22216,1356,1255
558,338,15066,71809,3852,5185
558,351,18483,49825,2937,3227
558,472,9122,32882,2135,2428
558,474,14819,52021,2699,3356
558,603,5587,10166,658,333
558,614,15926,47190,3110,2813
558,663,12833,72892,3924,4978
558,665,18956,84444,5728,5520
559,21,11892,27953,2066,1877
559,26,13905,28153,1975,1965
559,28,11222,24030,2506,2378
559,29,16508,50933,3800,4354
559,34,17518,36118,2399,2142
559,41,19468,46069,3920,3986
559,55,6413,14226,1242,1169
559,66,14686,31515,3298,3233
559,214,13560,22022,2033,2501
559,227,2154,2809,0,214
559,228,6115,12961,1265,1170
559,244,13787,33180,3065,3471
559,250,13755,33929,2333,3260
559,259,3174,4452,316,548
559,269,7828,17680,1417,1630
559,274,14330,31733,2419,2837
559,305,8828,18358,1868,1478
559,318,13639,31269,1952,2287
559,351,10412,17622,1531,1763
559,398,15709,28454,2114,2354
559,404,14904,28272,2499,2269
559,531,19627,42572,3229,4016
559,614,11471,18650,1779,1424
559,653,19577,43003,3323,4051
561,267,17492,,,
561,328,14112,,,
561,356,19635,38925,2223,2141
561,396,18423,,,
562,174,16556,33601,2479,2077
562,215,8273,14475,1087,679
562,265,10236,18028,967,1294
562,270,4205,8199,844,417
562,272,18278,31027,2235,2078
562,529,18090,30870,2194,2006
562,616,15769,26112,1571,1808
563,121,10120,17364,1902,1562
564,442,7746,13497,839,942
564,644,12071,16612,1995,1138
564,645,6934,10533,1566,508
564,646,13679,20985,1719,1946
565,49,8161,,,
565,168,18501,,,
565,540,10833,,,
565,580,10809,14950,1085,918
565,594,14647,23563,1790,1692
565,670,19706,114909,9532,10121
566,67,13823,22074,1671,1794
566,76,17811,38761,2640,2534
566,279,18783,41365,3274,2501
566,280,7409,11593,1125,602
566,281,19285,43414,3597,2525
566,333,2223,2672,353,0
566,569,5623,9152,631,525
566,573,14165,33192,1876,1917
566,592,15429,22789,1226,1831
569,22,18176,45437,3672,3355
569,67,11003,16075,1303,1531
569,68,19401,48324,3205,3725
569,280,5834,14842,1815,1397
569,333,4115,7186,830,582
569,566,5623,9152,575,664
569,573,17862,42261,2398,2544
569,592,13960,22101,1420,2130
570,143,7390,11140,764,1482
570,275,10299,20304,1308,2160
570,320,13457,21540,1539,2324
570,369,4466,5725,387,639
570,495,11695,20367,697,2388
570,648,3649,6757,88,1048
573,10,19369,29836,2283,1386
573,53,14592,24683,2463,1250
573,67,16813,47795,3043,3133
573,280,13813,36982,2429,1873
573,333,14135,35166,2290,1904
573,413,12114,16925,1320,515
573,473,11890,19050,1574,956
573,566,14165,33192,1916,1888
573,569,17862,42261,2623,2484
573,592,14511,43374,2366,2952
573,668,13381,21716,1695,1270
574,68,18759,41364,1966,2218
574,196,7015,10741,899,950
574,367,8914,,,
574,575,11078,31247,1606,2170
575,68,19987,35720,1571,1250
575,196,17470,41346,2622,2084
575,367,18391,52244,3319,2537
575,574,11078,31247,2170,1597
577,186,14432,34749,2503,2693
577,260,18647,32962,2119,1988
577,262,17728,39951,2505,2870
577,402,12811,22732,2187,2541
577,410,9113,14525,1250,1615
577,504,15249,29882,2553,3000
578,152,14152,27798,2220,1237
578,159,2430,4675,585,217
578,190,8719,18574,1544,1054
578,249,6779,11794,764,928
578,300,7544,21337,1699,985
578,342,2122,4777,490,87
578,356,12740,20944,1671,1559
578,408,11739,18988,1588,1301
578,485,19929,57077,4655,4162
578,650,8670,12759,960,837
579,1,9084,41266,3184,1617
579,11,4005,10466,792,181
579,14,11441,60856,4821,3148
579,19,5377,,,
579,44,11487,41697,2759,1561
579,48,18919,31083,1929,1421
579,65,18621,28965,2076,1006
579,69,15446,44156,2754,1913
579,175,11594,33910,2531,1786
579,263,3193,8019,247,0
579,330,8748,16396,1213,684
579,446,18709,46077,3450,2199
579,453,10490,17152,1065,261
579,527,16817,53968,4453,3630
580,42,15961,29623,2798,2839
580,49,18105,101619,8931,10740
580,291,18114,60857,4331,4593
580,371,16594,52726,4887,4632
580,565,10809,14950,858,1025
580,582,12871,24191,2180,2164
580,583,15433,28157,2837,2540
580,594,4031,8625,781,850
582,16,18018,27996,2485,2443
582,42,3515,5881,641,714
582,135,16275,26349,1852,1732
582,221,13446,22038,2478,2390
582,291,9069,37115,2185,2479
582,371,6169,28984,2885,2662
582,500,12791,27629,1769,2116
582,580,12871,24191,2133,2178
582,583,2758,4415,595,330
582,584,9289,14972,1787,1704
582,594,8921,17749,1372,1473
583,16,15488,23607,1882,2105
583,42,874,1491,0,338
583,135,13522,21960,1211,1356
583,221,10901,17649,1832,2009
583,291,7422,32726,1525,2084
583,332,17667,27962,2004,1844
583,371,6630,24594,2206,2248
583,500,10589,23240,1005,1617
583,580,15433,28157,2441,2751
583,582,2758,4415,330,595
583,584,6717,10583,1159,1341
583,594,11556,21715,1712,2078
584,16,8771,13812,755,784
584,42,6317,11290,1243,1387
584,135,7657,15001,814,767
584,221,4184,7854,736,719
584,291,9707,28298,1591,1956
584,332,11765,20265,1571,1217
584,371,9152,17916,1649,1497
584,500,10013,18812,1166,1584
584,582,9289,14972,1682,1753
584,583,6717,10583,1364,1170
584,594,18208,32272,3004,3176
589,13,11282,47174,3909,3146
589,314,4052,7544,828,506
589,397,14189,47490,3747,3536
589,405,11974,52746,3824,3563
589,486,17840,38665,2696,2035
589,615,16218,53066,4157,3644
591,104,1894,2751,278,76
591,148,12209,21185,1187,1243
591,210,13706,19956,1205,1355
591,218,6204,8709,374,533
591,507,736,1012,41,0
591,557,1113,2030,78,176
592,17,13721,53807,4402,3867
592,22,6603,35534,3090,2045
592,67,4204,6282,600,114
592,68,18056,38421,2471,2263
592,164,17185,46409,2903,2028
592,280,8404,11458,1233,87
592,333,13470,20136,1819,838
592,566,15429,22789,1927,1303
592,569,13960,22101,2148,1402
592,573,14511,43374,2787,2205
594,42,12144,23180,2081,2072
594,291,15122,54415,3548,3760
594,371,12641,46284,4210,3905
594,500,19529,44929,3080,3345
594,565,14647,23563,1664,1781
594,580,4031,8625,837,800
594,582,8921,17749,1463,1397
594,583,11556,21715,2109,1762
594,584,18208,32272,3192,3027
596,61,7659,14471,965,567
596,94,15660,,,
596,112,5997,15908,956,673
596,117,18602,,,
596,187,16601,35767,1770,1215
596,211,11327,22184,1767,1276
596,383,18386,44329,3253,2961
596,384,18777,47916,3531,3023
597,521,3634,,,
597,522,3944,,,
597,649,18791,,,
603,2,8856,,,
603,12,9732,,,
603,15,3625,,,
603,23,10561,22398,937,1329
603,27,9068,,,
603,31,11170,62754,3762,3914
603,47,19923,84577,5121,5236
603,66,16823,44927,2905,3223
603,77,11206,,,
603,161,10145,,,
603,204,5046,,,
603,206,13952,64172,3112,4351
603,213,4706,,,
603,312,9924,28322,1374,1598
603,338,11417,,,
603,374,17181,,,
603,472,10102,38988,1941,2559
603,474,11686,58127,2727,3709
603,498,16198,,,
603,515,16734,,,
603,558,5587,10166,314,657
603,659,17682,78115,4533,4630
603,663,8639,,,
603,665,13622,,,
604,357,19861,,,
604,532,19194,,,
604,533,19763,,,
605,58,4947,6578,441,630
605,132,11594,18554,691,1632
605,133,5833,11546,641,1374
605,136,17837,33668,2134,2738
605,190,16644,43304,3241,3552
605,292,6426,9494,661,1090
605,385,10235,16716,1101,1875
605,401,4797,5585,258,593
605,485,6998,14759,883,1081
605,545,13969,20725,1303,1670
610,81,12611,34830,3407,2355
610,84,19376,41652,2963,1638
610,151,17639,42812,3953,2615
610,200,17566,27651,2014,995
610,232,19618,54727,4979,3511
610,324,10842,17334,1426,797
610,452,5856,23602,2316,1274
610,666,14734,28794,3041,1876
612,171,18145,29652,2479,2257
612,173,7802,13784,1124,1280
612,181,12602,23960,2537,1317
612,230,16293,40955,3815,3225
612,231,13905,22634,2230,1907
612,238,15330,28369,2587,1879
612,271,16601,28132,2514,1760
612,370,17370,29464,2465,2099
612,377,17481,79273,4984,4498
613,73,16409,40669,1909,2059
613,83,17193,23359,1296,1654
613,149,19390,53196,2701,2175
613,150,18113,57009,3535,2149
613,286,4890,5784,382,294
613,373,15648,41845,2156,2062
614,8,18745,46428,2567,3400
614,20,15896,47087,2710,2805
614,21,18963,39022,2640,2852
614,23,11076,42897,2531,2895
614,27,16312,62333,4725,5193
614,28,9737,29468,2579,2806
614,29,17566,65698,4962,5871
614,55,8328,17051,1209,1514
614,66,7435,36954,3409,3699
614,197,14556,34933,1665,2042
614,214,12404,29903,2448,3271
614,227,12988,19581,1316,1936
614,228,5795,13268,1046,1306
614,259,11353,19217,1511,2098
614,269,18083,32445,2549,3117
614,305,11672,22612,1874,1839
614,312,12825,48821,2898,3094
614,318,17794,34649,1955,2678
614,351,2723,6317,111,698
614,399,11946,28141,1399,2107
614,404,7307,14138,821,969
614,472,18501,37619,2075,2665
614,558,15926,47190,2741,3056
614,559,11471,18650,1404,1759
615,13,9072,16807,1839,1602
615,229,13451,26768,2117,1653
615,314,16472,47620,3201,3394
615,397,5781,13137,891,1211
615,405,4776,13048,907,1159
615,486,7108,14420,1520,1372
615,514,14930,30699,2471,2496
615,589,16218,53066,3619,4132
616,83,14328,36750,1739,1697
616,174,5852,10033,903,240
616,215,7910,11658,999,348
616,233,11551,24869,960,378
616,265,10694,22313,980,1046
616,270,17059,24131,1774,1098
616,272,2924,7447,711,293
616,529,2785,7290,691,242
616,562,15769,26112,1867,1595
617,141,18092,28218,2092,2043
617,144,17809,30085,2021,1528
617,145,15163,23759,1880,1338
617,151,18412,38993,3423,3155
617,195,13998,24574,1770,1747
617,294,13370,33041,1515,1612
617,327,13714,33654,2831,2773
617,536,14480,35276,1923,2927
623,284,11578,17950,936,1214
623,624,3491,5656,598,389
624,284,11252,19683,1043,1530
624,623,3491,5656,334,543
625,632,13514,22537,1862,1898
626,627,16475,29772,1840,2147
627,626,16475,29772,2045,1738
629,632,12005,,,
629,641,18619,,,
630,46,18565,46915,2340,2229
630,75,17538,36859,1858,2088
630,92,19171,40468,2235,2025
630,176,13276,32026,2115,2164
630,246,17431,36023,2175,1981
630,347,19626,48508,2806,3178
632,625,13514,22537,1868,1853
632,629,12005,,,
634,636,8235,13176,669,439
634,639,17278,32903,1175,1965
636,634,8235,13176,426,656
636,641,19665,37436,1271,2527
639,634,17278,32903,1924,1148
639,644,13647,45782,4412,2142
639,645,18751,51863,4955,2484
641,629,18619,,,
641,636,19665,37436,2498,1241
644,442,8317,12448,658,1611
644,564,12071,16612,1111,1945
644,639,13647,45782,2047,4317
644,645,5147,6099,659,458
644,646,11225,17836,1195,2279
645,442,5200,6369,0,1154
645,564,6934,10533,452,1487
645,639,18751,51863,2389,4860
645,644,5147,6099,429,630
645,646,10541,14564,840,2125
646,442,6109,10610,910,786
646,564,13679,20985,1930,1703
646,644,11225,17836,2286,1202
646,645,10541,14564,2119,834
648,143,6177,10244,988,751
648,239,19500,34646,3349,3252
648,275,6662,17024,1424,1315
648,283,16463,36628,2856,3013
648,320,11103,20644,1745,1569
648,369,5804,11180,1404,695
648,495,13285,25821,1746,2476
648,570,3649,6757,1054,80
649,345,15091,,,
649,357,18887,,,
649,361,18516,,,
649,364,17801,,,
649,368,19576,,,
649,460,17694,,,
649,521,17561,,,
649,532,18404,,,
649,533,19068,,,
649,597,18791,,,
650,159,8250,12171,994,694
650,190,16060,25209,2169,1812
650,249,10240,15775,578,794
650,300,14562,26455,1719,1057
650,342,6812,8810,877,533
650,356,7473,11958,1116,1118
650,408,3087,6236,707,553
650,544,15432,54697,3630,4081
650,578,8670,12759,835,968
652,447,4660,,,
653,5,12267,59424,4917,4806
653,37,14563,26141,1820,1590
653,41,10615,28677,2259,1570
653,45,13123,30421,2900,2464
653,227,19001,40533,3680,3173
653,244,8560,12372,1164,815
653,250,8813,17564,1319,1537
653,259,19149,38614,3615,3087
653,269,12453,26462,2623,2071
653,274,5272,11346,1186,895
653,376,9948,27827,1847,1887
653,388,17158,37380,3440,2780
653,398,16644,36733,3488,3019
653,531,387,479,0,67
653,559,19577,43003,4006,3299
654,46,12052,17917,843,1288
654,75,2517,5389,115,897
654,86,17139,35527,2336,3314
654,88,8231,17781,646,1714
654,89,6993,12882,331,1240
654,91,14314,20648,1239,1708
654,92,2916,5368,225,571
654,194,10468,18805,588,2079
654,297,11304,15897,608,1549
654,347,14545,21440,740,1649
654,393,4673,8373,277,1016
654,655,1580,3847,64,858
655,46,12982,21732,1709,1360
655,75,4052,9205,959,947
655,86,15898,36412,1987,2171
655,88,7544,21597,1576,1850
655,89,6850,16698,1197,1312
655,91,14899,24463,2105,1780
655,92,3940,9183,1032,584
655,194,9121,14981,524,1221
655,297,11894,19712,1472,1619
655,347,15427,25256,1640,1755
655,393,5156,12189,1072,1017
655,654,1580,3847,866,72
659,2,9235,15709,940,1279
659,12,19820,,,
659,24,13936,35886,2045,2865
659,27,17518,29077,2294,2693
659,31,13154,19995,1320,1375
659,40,18490,37340,1567,2765
659,69,18965,30781,2305,2877
659,77,13368,,,
659,161,12122,,,
659,204,12816,23508,1641,1715
659,206,10653,14437,166,1286
659,213,19140,,,
659,243,11773,21182,1450,2151
659,338,6478,11211,60,1621
659,446,15651,27370,2128,2290
659,498,17062,37809,3438,3316
659,515,14870,38861,2576,3227
659,603,17682,78115,4410,4313
659,663,9488,18275,275,1557
659,665,12616,29827,1949,1969
661,165,9341,,,
661,371,17911,98992,7481,7153
663,2,3917,11407,1223,279
663,12,11120,,,
663,15,11948,,,
663,23,17063,63819,4634,3646
663,27,12241,29959,2969,2085
663,31,10336,20878,2038,810
663,69,18032,48645,3911,3200
663,77,6560,,,
663,161,4798,,,
663,204,3594,5265,875,81
663,206,10753,15320,859,696
663,213,9661,,,
663,243,14737,39047,3043,2461
663,312,15229,62066,4847,3691
663,338,3009,13427,404,682
663,374,15867,,,
663,446,15458,45234,3595,2474
663,472,18652,85189,5910,5148
663,474,17587,104328,6672,6274
663,498,12079,55674,4996,3591
663,515,11227,56726,4145,3513
663,558,12833,72892,4968,3931
663,603,8639,,,
663,659,9488,18275,1579,296
663,665,7772,17276,1876,488
664,4,9138,11517,832,232
664,25,12232,16262,1163,584
664,50,16275,,,
664,80,17431,67575,3879,3563
664,167,13894,76592,4594,4252
664,241,16781,63089,3787,3636
664,242,18275,66092,3718,3657
664,444,3187,4056,540,0
665,1,16569,55948,4705,4531
665,2,11630,23170,1581,1900
665,12,9176,,,
665,14,13936,58329,4482,4202
665,15,15724,90638,6282,5611
665,19,19853,65532,5367,5442
665,27,19719,41511,3456,3835
665,31,18100,32430,2436,2471
665,44,13736,51982,3992,4187
665,47,15320,,,
665,69,10591,47402,3570,4122
665,77,2552,,,
665,161,3561,,,
665,204,9735,22509,1882,1936
665,206,18149,26872,1263,2363
665,213,11634,,,
665,243,10166,37803,2751,3432
665,338,8536,24979,763,2304
665,374,9782,,,
665,446,8580,43991,3443,3585
665,474,17501,,,
665,498,4659,,,
665,515,3471,,,
665,558,18956,84444,5412,5638
665,603,13622,,,
665,659,12616,29827,1916,1896
665,663,7772,17276,467,1855
666,81,18766,45171,3279,3412
666,84,11970,51992,2854,2714
666,295,12245,55120,2718,2813
666,452,14576,33943,2235,2378
666,610,14734,28794,1825,2995
667,46,12820,71333,4926,4987
667,86,17911,55547,3372,3930
667,88,14928,69021,5159,5843
667,89,14546,72000,5302,5807
667,91,8859,,,
667,92,18781,79558,6034,6015
667,95,14188,26546,1744,1998
667,96,10759,15636,1190,1104
667,97,11070,38759,2291,2680
667,103,13949,20484,1063,1089
667,183,17630,41084,2455,2497
667,194,18755,71582,4218,5353
667,217,19817,27784,1532,1686
667,236,17050,46735,3026,3141
667,297,11036,,,
667,309,18987,43317,3026,2792
667,347,11455,67823,4459,5003
667,393,16675,76495,5661,6017
667,502,16241,21388,1184,1781
668,10,6128,8138,529,57
668,43,19405,,,
668,53,2711,3802,836,48
668,74,19382,,,
668,226,10544,16619,1425,768
668,308,19896,,,
668,379,13617,,,
668,400,17044,,,
668,413,2454,8696,697,317
668,436,17215,,,
668,473,1580,2704,319,125
668,573,13381,21716,1308,1741
670,49,11630,35602,2340,3381
670,168,1636,3520,321,26
670,322,4943,18808,918,883
670,519,19422,,,
670,540,14147,23351,2394,1698
670,565,19706,114909,10134,9533
672,6,15356,29301,2038,2157
672,9,15037,34531,3662,3618
672,35,12623,24278,2075,1784
672,51,7680,14866,1307,1585
672,74,8541,19150,1527,2345
672,156,10451,22776,1971,2112
672,166,8022,18914,1551,1878
672,278,7551,23917,2319,2395
672,308,12869,25194,1686,1936
672,334,5599,21095,1807,1609
672,348,2760,4749,959,0
672,378,9519,21683,2679,1585
672,381,8583,25094,2045,1963
672,420,11497,29650,3530,3169
672,436,13225,47486,4810,4311
672,494,6967,10374,1080,806
672,511,5234,15790,1422,1639
672,530,8916,25979,2201,2702
672,548,13899,27342,1534,1989
672,549,19852,49132,3656,3568
